Name;Descriptor;Mode;Warmup;Iterations;Duration;Mean;StdDev;
BatchNorm;N:32_C:1_H:224_W:224_;PARALLEL;5;10000;9.23627;0.000923576;6.18094e-05;

BatchNorm;N:32_C:64_H:112_W:112_;PARALLEL;5;1000;18.3816;0.0183815;3.35752e-05;

BatchNorm;N:32_C:256_H:112_W:112_;PARALLEL;5;200;14.9068;0.0745339;7.82382e-05;

BatchNorm;N:32_C:256_H:56_W:56_;PARALLEL;5;1000;18.9804;0.0189802;4.30503e-05;

BatchNorm;N:32_C:2048_H:7_W:7_;PARALLEL;5;6000;20.1867;0.0033643;2.31147e-05;


