Name;Descriptor;Mode;Warmup;Iterations;Duration;Mean;StdDev;
BatchNorm;N:32_C:1_H:224_W:224_;PARALLEL;5;10000;3.51253;0.000351199;2.94948e-05;

BatchNorm;N:32_C:64_H:112_W:112_;PARALLEL;5;1000;8.72422;0.00872408;1.17924e-05;

BatchNorm;N:32_C:256_H:112_W:112_;PARALLEL;5;200;7.20778;0.0360387;0.000113539;

BatchNorm;N:32_C:256_H:56_W:56_;PARALLEL;5;1000;9.1591;0.00915893;3.35948e-05;

BatchNorm;N:32_C:2048_H:7_W:7_;PARALLEL;5;6000;7.55469;0.001259;6.50843e-06;


