Name;Descriptor;Mode;Warmup;Iterations;Duration;Mean;StdDev;
BatchNorm;N:32_C:1_H:224_W:224_;PARALLEL;5;10000;8.10905;0.00081086;5.58029e-05;

BatchNorm;N:32_C:64_H:112_W:112_;PARALLEL;5;1000;15.3988;0.0153986;6.56526e-05;

BatchNorm;N:32_C:256_H:112_W:112_;PARALLEL;5;200;12.5036;0.0625177;0.000164864;

BatchNorm;N:32_C:256_H:56_W:56_;PARALLEL;5;1000;16.0107;0.0160105;4.65689e-05;

BatchNorm;N:32_C:2048_H:7_W:7_;PARALLEL;5;6000;15.6432;0.00260703;1.00437e-05;


