Name;Descriptor;Mode;Warmup;Iterations;Duration;Mean;StdDev;
BatchNorm;N:32_C:1_H:224_W:224_;PARALLEL;5;10000;2.49304;0.000249257;2.55125e-05;

BatchNorm;N:32_C:64_H:112_W:112_;PARALLEL;5;1000;7.19114;0.00719102;3.44334e-05;

BatchNorm;N:32_C:256_H:112_W:112_;PARALLEL;5;200;6.08921;0.0304459;4.19469e-05;

BatchNorm;N:32_C:256_H:56_W:56_;PARALLEL;5;1000;7.73662;0.00773645;0.000142091;

BatchNorm;N:32_C:2048_H:7_W:7_;PARALLEL;5;6000;4.67811;0.000779619;9.32792e-06;


