Name;Descriptor;Mode;Warmup;Iterations;Duration;Mean;StdDev;
BatchNorm;N:32_C:1_H:224_W:224_;PARALLEL;5;10000;2.49413;0.000249362;2.43124e-05;

BatchNorm;N:32_C:64_H:112_W:112_;PARALLEL;5;1000;7.75564;0.00775551;3.09286e-05;

BatchNorm;N:32_C:256_H:112_W:112_;PARALLEL;5;200;6.56103;0.032805;1.8196e-05;

BatchNorm;N:32_C:256_H:56_W:56_;PARALLEL;5;1000;8.18492;0.00818475;4.35168e-05;

BatchNorm;N:32_C:2048_H:7_W:7_;PARALLEL;5;6000;6.32889;0.00105476;4.61518e-06;


