Name;Descriptor;Mode;Warmup;Iterations;Duration;Mean;StdDev;
BatchNorm;N:32_C:1_H:224_W:224_;PARALLEL;5;10000;17.2812;0.00172806;6.65299e-05;

BatchNorm;N:32_C:64_H:112_W:112_;PARALLEL;5;1000;33.4583;0.033458;9.45713e-05;

BatchNorm;N:32_C:256_H:112_W:112_;PARALLEL;5;200;27.1582;0.135791;0.000175422;

BatchNorm;N:32_C:256_H:56_W:56_;PARALLEL;5;1000;34.4585;0.0344583;0.000107686;

BatchNorm;N:32_C:2048_H:7_W:7_;PARALLEL;5;6000;37.2252;0.00620399;6.05425e-05;


