Name;Descriptor;Mode;Warmup;Iterations;Duration;Mean;StdDev;
BatchNorm;N:32_C:1_H:224_W:224_;PARALLEL;5;10000;2.51285;0.000251238;3.87306e-05;

BatchNorm;N:32_C:64_H:112_W:112_;PARALLEL;5;1000;7.18592;0.00718576;3.35624e-05;

BatchNorm;N:32_C:256_H:112_W:112_;PARALLEL;5;200;6.08166;0.0304081;1.89031e-05;

BatchNorm;N:32_C:256_H:56_W:56_;PARALLEL;5;1000;7.75094;0.00775081;1.0747e-05;

BatchNorm;N:32_C:2048_H:7_W:7_;PARALLEL;5;6000;4.84207;0.000806958;6.58407e-06;


