Name;Descriptor;Mode;Warmup;Iterations;Duration;Mean;StdDev;
BatchNorm;N:32_C:1_H:224_W:224_;PARALLEL;5;10000;3.43493;0.000343457;3.98397e-05;

BatchNorm;N:32_C:64_H:112_W:112_;PARALLEL;5;1000;9.16342;0.00916328;2.0001e-05;

BatchNorm;N:32_C:256_H:112_W:112_;PARALLEL;5;200;7.52698;0.0376348;4.72131e-05;

BatchNorm;N:32_C:256_H:56_W:56_;PARALLEL;5;1000;9.46695;0.0094668;1.37984e-05;

BatchNorm;N:32_C:2048_H:7_W:7_;PARALLEL;5;6000;7.12249;0.001187;5.44548e-06;


