Name;Descriptor;Mode;Warmup;Iterations;Duration;Mean;StdDev;
BatchNorm;N:32_C:1_H:224_W:224_;PARALLEL;5;10000;2.47798;0.000247748;2.40821e-05;

BatchNorm;N:32_C:64_H:112_W:112_;PARALLEL;5;1000;7.33508;0.00733495;0.000126038;

BatchNorm;N:32_C:256_H:112_W:112_;PARALLEL;5;200;6.24502;0.0312249;1.85987e-05;

BatchNorm;N:32_C:256_H:56_W:56_;PARALLEL;5;1000;7.90659;0.00790645;2.30039e-05;

BatchNorm;N:32_C:2048_H:7_W:7_;PARALLEL;5;6000;5.71473;0.000952378;5.27587e-06;


