Name;Descriptor;Mode;Warmup;Iterations;Duration;Mean;StdDev;
BatchNorm;N:32_C:1_H:224_W:224_;PARALLEL;5;10000;2.4734;0.000247287;2.05821e-05;

BatchNorm;N:32_C:64_H:112_W:112_;PARALLEL;5;1000;7.43892;0.00743871;1.85525e-05;

BatchNorm;N:32_C:256_H:112_W:112_;PARALLEL;5;200;6.36014;0.0318005;1.57459e-05;

BatchNorm;N:32_C:256_H:56_W:56_;PARALLEL;5;1000;8.10541;0.00810521;7.90245e-05;

BatchNorm;N:32_C:2048_H:7_W:7_;PARALLEL;5;6000;5.61906;0.000936466;7.45668e-06;


