Name;Descriptor;Mode;Warmup;Iterations;Duration;Mean;StdDev;
BatchNorm;N:32_C:1_H:224_W:224_;PARALLEL;5;10000;3.41478;0.000341428;2.41691e-05;

BatchNorm;N:32_C:64_H:112_W:112_;PARALLEL;5;1000;8.28311;0.00828296;3.49688e-05;

BatchNorm;N:32_C:256_H:112_W:112_;PARALLEL;5;200;6.82547;0.0341273;3.89958e-05;

BatchNorm;N:32_C:256_H:56_W:56_;PARALLEL;5;1000;8.5553;0.00855516;1.13121e-05;

BatchNorm;N:32_C:2048_H:7_W:7_;PARALLEL;5;6000;5.66577;0.00094425;8.54908e-06;


