Name;Descriptor;Mode;Warmup;Iterations;Duration;Mean;StdDev;
BatchNorm;N:32_C:1_H:224_W:224_;PARALLEL;5;10000;4.62952;0.000462913;4.86202e-05;

BatchNorm;N:32_C:64_H:112_W:112_;PARALLEL;5;1000;10.2286;0.0102285;3.6048e-05;

BatchNorm;N:32_C:256_H:112_W:112_;PARALLEL;5;200;8.36597;0.0418297;8.98734e-05;

BatchNorm;N:32_C:256_H:56_W:56_;PARALLEL;5;1000;10.6063;0.0106062;3.44614e-05;

BatchNorm;N:32_C:2048_H:7_W:7_;PARALLEL;5;6000;8.77452;0.00146228;1.12934e-05;


