Name;Descriptor;Mode;Warmup;Iterations;Duration;Mean;StdDev;
BatchNorm;N:32_C:1_H:224_W:224_;PARALLEL;5;10000;5.84483;0.000584445;6.21234e-05;

BatchNorm;N:32_C:64_H:112_W:112_;PARALLEL;5;1000;12.0429;0.0120427;6.15112e-05;

BatchNorm;N:32_C:256_H:112_W:112_;PARALLEL;5;200;9.80703;0.0490349;0.000121987;

BatchNorm;N:32_C:256_H:56_W:56_;PARALLEL;5;1000;12.5132;0.012513;4.73596e-05;

BatchNorm;N:32_C:2048_H:7_W:7_;PARALLEL;5;6000;11.2656;0.00187739;6.47121e-06;


