Name;Descriptor;Mode;Warmup;Iterations;Duration;Mean;StdDev;
BatchNorm;N:32_C:1_H:224_W:224_;PARALLEL;5;4000;5.26738;0.00131678;2.36925e-05;

BatchNorm;N:32_C:64_H:112_W:112_;PARALLEL;5;1000;22.8151;0.0228149;3.95272e-05;

BatchNorm;N:32_C:256_H:112_W:112_;PARALLEL;5;200;18.342;0.0917099;5.59055e-05;

BatchNorm;N:32_C:256_H:56_W:56_;PARALLEL;5;1000;23.1861;0.023186;2.35269e-05;

BatchNorm;N:32_C:2048_H:7_W:7_;PARALLEL;5;2000;12.8154;0.00640743;1.91308e-05;


