Name;Descriptor;Mode;Warmup;Iterations;Duration;Mean;StdDev;
BatchNorm;N:32_C:1_H:224_W:224_;PARALLEL;5;4000;1.69069;0.000422619;2.33333e-05;

BatchNorm;N:32_C:64_H:112_W:112_;PARALLEL;5;1000;10.9497;0.0109494;0.000146307;

BatchNorm;N:32_C:256_H:112_W:112_;PARALLEL;5;200;9.22921;0.0461458;0.000649366;

BatchNorm;N:32_C:256_H:56_W:56_;PARALLEL;5;1000;11.1791;0.0111789;0.000174244;

BatchNorm;N:32_C:2048_H:7_W:7_;PARALLEL;5;2000;4.98694;0.00249319;1.71267e-05;


