Name;Descriptor;Mode;Warmup;Iterations;Duration;Mean;StdDev;
BatchNorm;N:32_C:1_H:224_W:224_;PARALLEL;5;4000;2.15105;0.000537649;1.55189e-05;

BatchNorm;N:32_C:64_H:112_W:112_;PARALLEL;5;1000;12.4702;0.0124699;4.09902e-05;

BatchNorm;N:32_C:256_H:112_W:112_;PARALLEL;5;200;10.3162;0.0515807;0.000593171;

BatchNorm;N:32_C:256_H:56_W:56_;PARALLEL;5;1000;12.9611;0.0129608;2.48701e-05;

BatchNorm;N:32_C:2048_H:7_W:7_;PARALLEL;5;2000;6.38215;0.00319086;2.59161e-05;


