Name;Descriptor;Mode;Warmup;Iterations;Duration;Mean;StdDev;
BatchNorm;N:32_C:1_H:224_W:224_;PARALLEL;5;4000;7.65253;0.00191306;2.27022e-05;

BatchNorm;N:32_C:64_H:112_W:112_;PARALLEL;5;1000;32.3777;0.0323775;0.000312553;

BatchNorm;N:32_C:256_H:112_W:112_;PARALLEL;5;200;26.0624;0.130312;0.00052088;

BatchNorm;N:32_C:256_H:56_W:56_;PARALLEL;5;1000;33.1244;0.0331242;0.000292284;

BatchNorm;N:32_C:2048_H:7_W:7_;PARALLEL;5;2000;18.9405;0.00946996;2.32949e-05;


