Name;Descriptor;Mode;Warmup;Iterations;Duration;Mean;StdDev;
BatchNorm;N:32_C:1_H:224_W:224_;PARALLEL;5;4000;1.79138;0.000447796;2.88897e-05;

BatchNorm;N:32_C:64_H:112_W:112_;PARALLEL;5;1000;11.0503;0.0110501;4.96031e-05;

BatchNorm;N:32_C:256_H:112_W:112_;PARALLEL;5;200;9.33844;0.046692;0.000391227;

BatchNorm;N:32_C:256_H:56_W:56_;PARALLEL;5;1000;11.2513;0.0112511;6.02351e-05;

BatchNorm;N:32_C:2048_H:7_W:7_;PARALLEL;5;2000;5.42823;0.0027139;1.51141e-05;


