Name;Descriptor;Mode;Warmup;Iterations;Duration;Mean;StdDev;
BatchNorm;N:32_C:1_H:224_W:224_;PARALLEL;5;4000;2.89021;0.000722506;2.66901e-05;

BatchNorm;N:32_C:64_H:112_W:112_;PARALLEL;5;1000;14.1562;0.0141559;3.03352e-05;

BatchNorm;N:32_C:256_H:112_W:112_;PARALLEL;5;200;11.4233;0.0571161;6.13983e-05;

BatchNorm;N:32_C:256_H:56_W:56_;PARALLEL;5;1000;14.3079;0.0143076;0.000111531;

BatchNorm;N:32_C:2048_H:7_W:7_;PARALLEL;5;2000;6.57812;0.00328877;1.36803e-05;


