Name;Descriptor;Mode;Warmup;Iterations;Duration;Mean;StdDev;
BatchNorm;N:32_C:1_H:224_W:224_;PARALLEL;5;4000;2.41813;0.000604487;2.99652e-05;

BatchNorm;N:32_C:64_H:112_W:112_;PARALLEL;5;1000;13.0777;0.0130775;8.00559e-05;

BatchNorm;N:32_C:256_H:112_W:112_;PARALLEL;5;200;10.5509;0.0527545;3.0766e-05;

BatchNorm;N:32_C:256_H:56_W:56_;PARALLEL;5;1000;13.1974;0.0131971;3.60742e-05;

BatchNorm;N:32_C:2048_H:7_W:7_;PARALLEL;5;2000;5.78811;0.00289378;3.76062e-05;


