Name;Descriptor;Mode;Warmup;Iterations;Duration;Mean;StdDev;
BatchNorm;N:32_C:1_H:224_W:224_;PARALLEL;5;10000;5.14992;0.000514944;4.06269e-05;

BatchNorm;N:32_C:64_H:112_W:112_;PARALLEL;5;1000;7.93539;0.00793518;3.14281e-05;

BatchNorm;N:32_C:256_H:112_W:112_;PARALLEL;5;200;6.79029;0.0339512;4.18439e-05;

BatchNorm;N:32_C:256_H:56_W:56_;PARALLEL;5;1000;8.35414;0.00835395;2.61181e-05;

BatchNorm;N:32_C:2048_H:7_W:7_;PARALLEL;5;6000;10.0634;0.00167718;9.74987e-06;


