Name;Descriptor;Mode;Warmup;Iterations;Duration;Mean;StdDev;
BatchNorm;N:32_C:1_H:224_W:224_;PARALLEL;5;10000;3.34069;0.000334035;6.08104e-05;

BatchNorm;N:32_C:64_H:112_W:112_;PARALLEL;5;1000;3.62986;0.00362967;4.75566e-05;

BatchNorm;N:32_C:256_H:112_W:112_;PARALLEL;5;200;4.91418;0.0245707;0.000108734;

BatchNorm;N:32_C:256_H:56_W:56_;PARALLEL;5;1000;3.79524;0.00379502;4.44757e-05;

BatchNorm;N:32_C:2048_H:7_W:7_;PARALLEL;5;6000;3.43449;0.000572371;1.80481e-05;


