Name;Descriptor;Mode;Warmup;Iterations;Duration;Mean;StdDev;
BatchNorm;N:32_C:1_H:224_W:224_;PARALLEL;5;10000;8.15802;0.000815762;0.00014026;

BatchNorm;N:32_C:64_H:112_W:112_;PARALLEL;5;1000;4.41366;0.00441337;0.000453141;

BatchNorm;N:32_C:256_H:112_W:112_;PARALLEL;5;200;7.70345;0.038517;0.00366657;

BatchNorm;N:32_C:256_H:56_W:56_;PARALLEL;5;1000;4.79103;0.0047908;0.000408233;

BatchNorm;N:32_C:2048_H:7_W:7_;PARALLEL;5;6000;5.1015;0.000850204;3.0292e-05;


