Name;Descriptor;Mode;Warmup;Iterations;Duration;Mean;StdDev;
BatchNorm;N:32_C:1_H:224_W:224_;PARALLEL;5;10000;4.14709;0.000414661;0.000147389;

BatchNorm;N:32_C:64_H:112_W:112_;PARALLEL;5;1000;3.20832;0.00320811;4.0301e-05;

BatchNorm;N:32_C:256_H:112_W:112_;PARALLEL;5;200;4.69218;0.0234607;4.66885e-05;

BatchNorm;N:32_C:256_H:56_W:56_;PARALLEL;5;1000;3.53415;0.00353393;0.000113435;

BatchNorm;N:32_C:2048_H:7_W:7_;PARALLEL;5;6000;2.86525;0.000477498;4.54349e-05;


