Name;Descriptor;Mode;Warmup;Iterations;Duration;Mean;StdDev;
BatchNorm;N:32_C:1_H:224_W:224_;PARALLEL;5;10000;3.3075;0.000330665;4.75867e-05;

BatchNorm;N:32_C:64_H:112_W:112_;PARALLEL;5;1000;3.4328;0.00343271;7.63638e-05;

BatchNorm;N:32_C:256_H:112_W:112_;PARALLEL;5;200;4.22625;0.021131;0.000279994;

BatchNorm;N:32_C:256_H:56_W:56_;PARALLEL;5;1000;3.6324;0.00363218;5.98267e-05;

BatchNorm;N:32_C:2048_H:7_W:7_;PARALLEL;5;6000;3.62868;0.000604712;2.0356e-05;


