Name;Descriptor;Mode;Warmup;Iterations;Duration;Mean;StdDev;
BatchNorm;N:32_C:1_H:224_W:224_;PARALLEL;5;10000;3.73948;0.000373914;0.000118222;

BatchNorm;N:32_C:64_H:112_W:112_;PARALLEL;5;1000;3.37216;0.00337198;0.000138289;

BatchNorm;N:32_C:256_H:112_W:112_;PARALLEL;5;200;4.87032;0.0243513;8.94764e-05;

BatchNorm;N:32_C:256_H:56_W:56_;PARALLEL;5;1000;3.76797;0.00376771;4.38723e-05;

BatchNorm;N:32_C:2048_H:7_W:7_;PARALLEL;5;6000;3.14198;0.000523622;1.91482e-05;


