Name;Descriptor;Mode;Warmup;Iterations;Duration;Mean;StdDev;
BatchNorm;N:32_C:1_H:224_W:224_;PARALLEL;5;10000;6.9621;0.000696172;8.1935e-05;

BatchNorm;N:32_C:64_H:112_W:112_;PARALLEL;5;1000;10.4458;0.0104456;0.000611107;

BatchNorm;N:32_C:256_H:112_W:112_;PARALLEL;5;200;8.81238;0.0440617;0.00257453;

BatchNorm;N:32_C:256_H:56_W:56_;PARALLEL;5;1000;10.8499;0.0108497;0.000131675;

BatchNorm;N:32_C:2048_H:7_W:7_;PARALLEL;5;6000;13.2595;0.00220987;3.42431e-05;


