Name;Descriptor;Mode;Warmup;Iterations;Duration;Mean;StdDev;
BatchNorm;N:32_C:1_H:224_W:224_;PARALLEL;5;10000;3.35122;0.000335071;7.49508e-05;

BatchNorm;N:32_C:64_H:112_W:112_;PARALLEL;5;1000;3.11812;0.00311789;5.74747e-05;

BatchNorm;N:32_C:256_H:112_W:112_;PARALLEL;5;200;4.08016;0.0204006;0.000209314;

BatchNorm;N:32_C:256_H:56_W:56_;PARALLEL;5;1000;3.30165;0.00330138;5.89897e-05;

BatchNorm;N:32_C:2048_H:7_W:7_;PARALLEL;5;6000;3.44093;0.000573444;1.71923e-05;


