Name;Descriptor;Mode;Warmup;Iterations;Duration;Mean;StdDev;
BatchNorm;N:32_C:1_H:224_W:224_;PARALLEL;5;10000;2.11851;0.000211822;2.38941e-05;

BatchNorm;N:32_C:64_H:112_W:112_;PARALLEL;5;1000;3.54194;0.00354172;0.000289714;

BatchNorm;N:32_C:256_H:112_W:112_;PARALLEL;5;200;4.38995;0.0219495;0.000630428;

BatchNorm;N:32_C:256_H:56_W:56_;PARALLEL;5;1000;3.57763;0.00357743;0.000194568;

BatchNorm;N:32_C:2048_H:7_W:7_;PARALLEL;5;6000;3.48866;0.000581367;4.12673e-05;


