Name;Descriptor;Mode;Warmup;Iterations;Duration;Mean;StdDev;
BatchNorm;N:32_C:1_H:224_W:224_;PARALLEL;5;10000;3.58044;0.000358003;7.0219e-05;

BatchNorm;N:32_C:64_H:112_W:112_;PARALLEL;5;1000;4.47968;0.0044795;5.28401e-05;

BatchNorm;N:32_C:256_H:112_W:112_;PARALLEL;5;200;4.54747;0.0227372;6.00813e-05;

BatchNorm;N:32_C:256_H:56_W:56_;PARALLEL;5;1000;4.73156;0.0047314;4.56505e-05;

BatchNorm;N:32_C:2048_H:7_W:7_;PARALLEL;5;6000;5.4653;0.000910828;7.90563e-06;


