Name;Descriptor;Mode;Warmup;Iterations;Duration;Mean;StdDev;
BatchNorm;N:32_C:1_H:224_W:224_;PARALLEL;5;10000;3.19759;0.000319717;4.18152e-05;

BatchNorm;N:32_C:64_H:112_W:112_;PARALLEL;5;1000;3.43517;0.00343502;0.000367784;

BatchNorm;N:32_C:256_H:112_W:112_;PARALLEL;5;200;4.74187;0.0237091;0.000419478;

BatchNorm;N:32_C:256_H:56_W:56_;PARALLEL;5;1000;3.35636;0.00335616;0.00018278;

BatchNorm;N:32_C:2048_H:7_W:7_;PARALLEL;5;6000;3.14875;0.000524763;1.69962e-05;


