Name;Descriptor;Mode;Warmup;Iterations;Duration;Mean;StdDev;
BatchNorm;N:32_C:1_H:224_W:224_;PARALLEL;5;10000;3.30442;0.000330386;6.16712e-05;

BatchNorm;N:32_C:64_H:112_W:112_;PARALLEL;5;1000;3.27406;0.00327387;6.82447e-05;

BatchNorm;N:32_C:256_H:112_W:112_;PARALLEL;5;200;4.43077;0.0221536;0.000208031;

BatchNorm;N:32_C:256_H:56_W:56_;PARALLEL;5;1000;3.44948;0.00344924;6.89502e-05;

BatchNorm;N:32_C:2048_H:7_W:7_;PARALLEL;5;6000;3.63222;0.000605327;2.31439e-05;


