Name;Descriptor;Mode;Warmup;Iterations;Duration;Mean;StdDev;
BatchNorm;N:32_C:1_H:224_W:224_;PARALLEL;5;10000;2.2712;0.000227086;2.69553e-05;

BatchNorm;N:32_C:64_H:112_W:112_;PARALLEL;5;1000;3.30341;0.00330323;0.000223627;

BatchNorm;N:32_C:256_H:112_W:112_;PARALLEL;5;200;4.25912;0.0212954;6.22999e-05;

BatchNorm;N:32_C:256_H:56_W:56_;PARALLEL;5;1000;3.37228;0.00337211;6.39203e-05;

BatchNorm;N:32_C:2048_H:7_W:7_;PARALLEL;5;6000;3.23484;0.000539111;1.83274e-05;


