Name;Descriptor;Mode;Warmup;Iterations;Duration;Mean;StdDev;
BatchNorm;N:32_C:1_H:224_W:224_;PARALLEL;5;10000;3.61794;0.000361754;0.000102894;

BatchNorm;N:32_C:64_H:112_W:112_;PARALLEL;5;1000;3.21406;0.00321384;0.000176745;

BatchNorm;N:32_C:256_H:112_W:112_;PARALLEL;5;200;4.39799;0.0219898;5.50683e-05;

BatchNorm;N:32_C:256_H:56_W:56_;PARALLEL;5;1000;3.42094;0.00342075;0.000213556;

BatchNorm;N:32_C:2048_H:7_W:7_;PARALLEL;5;6000;2.86028;0.000476658;3.90453e-05;


