Name;Descriptor;Mode;Warmup;Iterations;Duration;Mean;StdDev;
BatchNorm;N:32_C:1_H:224_W:224_;PARALLEL;5;10000;6.74872;0.000674835;2.34889e-05;

BatchNorm;N:32_C:64_H:112_W:112_;PARALLEL;5;1000;9.40885;0.00940863;3.26042e-05;

BatchNorm;N:32_C:256_H:112_W:112_;PARALLEL;5;200;7.98405;0.03992;5.54667e-05;

BatchNorm;N:32_C:256_H:56_W:56_;PARALLEL;5;1000;9.92682;0.00992659;3.77386e-05;

BatchNorm;N:32_C:2048_H:7_W:7_;PARALLEL;5;6000;12.0072;0.00200114;1.07895e-05;


