Name;Descriptor;Mode;Warmup;Iterations;Duration;Mean;StdDev;
BatchNorm;N:32_C:1_H:224_W:224_;PARALLEL;5;10000;2.32832;0.000232804;9.77357e-05;

BatchNorm;N:32_C:64_H:112_W:112_;PARALLEL;5;1000;3.59327;0.00359306;4.76517e-05;

BatchNorm;N:32_C:256_H:112_W:112_;PARALLEL;5;200;4.63562;0.0231779;9.47592e-05;

BatchNorm;N:32_C:256_H:56_W:56_;PARALLEL;5;1000;3.53723;0.003537;2.32745e-05;

BatchNorm;N:32_C:2048_H:7_W:7_;PARALLEL;5;6000;3.2559;0.000542614;1.10739e-05;


