Name;Descriptor;Mode;Warmup;Iterations;Duration;Mean;StdDev;
BatchNorm;N:32_C:1_H:224_W:224_;PARALLEL;5;10000;3.45043;0.000344988;8.08059e-05;

BatchNorm;N:32_C:64_H:112_W:112_;PARALLEL;5;1000;3.15648;0.00315627;5.42836e-05;

BatchNorm;N:32_C:256_H:112_W:112_;PARALLEL;5;200;4.04962;0.0202479;0.00011855;

BatchNorm;N:32_C:256_H:56_W:56_;PARALLEL;5;1000;3.05766;0.00305739;4.06051e-05;

BatchNorm;N:32_C:2048_H:7_W:7_;PARALLEL;5;6000;3.11677;0.000519308;1.63089e-05;


