Name;Descriptor;Mode;Warmup;Iterations;Duration;Mean;StdDev;
BatchNorm;N:32_C:1_H:224_W:224_;PARALLEL;5;10000;3.50118;0.000350073;8.04893e-05;

BatchNorm;N:32_C:64_H:112_W:112_;PARALLEL;5;1000;2.89996;0.00289972;6.08915e-05;

BatchNorm;N:32_C:256_H:112_W:112_;PARALLEL;5;200;4.23036;0.0211516;0.000132128;

BatchNorm;N:32_C:256_H:56_W:56_;PARALLEL;5;1000;3.56792;0.00356772;0.000225789;

BatchNorm;N:32_C:2048_H:7_W:7_;PARALLEL;5;6000;2.78521;0.000464139;2.11882e-05;


