Name;Descriptor;Mode;Warmup;Iterations;Duration;Mean;StdDev;
BatchNorm;N:32_C:1_H:224_W:224_;PARALLEL;5;10000;3.48525;0.000348477;0.000137503;

BatchNorm;N:32_C:64_H:112_W:112_;PARALLEL;5;1000;3.20655;0.00320635;0.000124597;

BatchNorm;N:32_C:256_H:112_W:112_;PARALLEL;5;200;4.80183;0.0240089;0.000218183;

BatchNorm;N:32_C:256_H:56_W:56_;PARALLEL;5;1000;3.45738;0.00345712;4.36069e-05;

BatchNorm;N:32_C:2048_H:7_W:7_;PARALLEL;5;6000;2.94234;0.000490337;2.39702e-05;


