Name;Descriptor;Mode;Warmup;Iterations;Duration;Mean;StdDev;
BatchNorm;N:32_C:1_H:224_W:224_;PARALLEL;5;10000;2.29008;0.000228979;5.95431e-05;

BatchNorm;N:32_C:64_H:112_W:112_;PARALLEL;5;1000;3.2632;0.00326302;0.000291756;

BatchNorm;N:32_C:256_H:112_W:112_;PARALLEL;5;200;4.40688;0.0220342;0.00102305;

BatchNorm;N:32_C:256_H:56_W:56_;PARALLEL;5;1000;3.60848;0.00360828;7.34219e-05;

BatchNorm;N:32_C:2048_H:7_W:7_;PARALLEL;5;6000;3.48966;0.000581562;1.52807e-05;


