Name;Descriptor;Mode;Warmup;Iterations;Duration;Mean;StdDev;
BatchNorm;N:32_C:1_H:224_W:224_;PARALLEL;5;10000;3.60245;0.000360216;3.1474e-05;

BatchNorm;N:32_C:64_H:112_W:112_;PARALLEL;5;1000;3.88493;0.00388476;3.35219e-05;

BatchNorm;N:32_C:256_H:112_W:112_;PARALLEL;5;200;4.38663;0.021933;4.99045e-05;

BatchNorm;N:32_C:256_H:56_W:56_;PARALLEL;5;1000;4.01785;0.00401762;7.29952e-05;

BatchNorm;N:32_C:2048_H:7_W:7_;PARALLEL;5;6000;4.42024;0.000736644;1.6561e-05;


