Name;Descriptor;Mode;Warmup;Iterations;Duration;Mean;StdDev;
BatchNorm;N:32_C:1_H:224_W:224_;PARALLEL;5;10000;5.39105;0.000539065;7.60509e-05;

BatchNorm;N:32_C:64_H:112_W:112_;PARALLEL;5;1000;7.52145;0.00752127;0.000750097;

BatchNorm;N:32_C:256_H:112_W:112_;PARALLEL;5;200;6.3495;0.0317472;0.00241437;

BatchNorm;N:32_C:256_H:56_W:56_;PARALLEL;5;1000;7.88246;0.00788225;0.000806219;

BatchNorm;N:32_C:2048_H:7_W:7_;PARALLEL;5;6000;9.66679;0.00161107;0.000202399;


