Name;Descriptor;Mode;Warmup;Iterations;Duration;Mean;StdDev;
BatchNorm;N:32_C:1_H:224_W:224_;PARALLEL;5;10000;3.38677;0.000338635;0.000101061;

BatchNorm;N:32_C:64_H:112_W:112_;PARALLEL;5;1000;4.16896;0.00416882;0.00012136;

BatchNorm;N:32_C:256_H:112_W:112_;PARALLEL;5;200;4.61566;0.023078;0.000398031;

BatchNorm;N:32_C:256_H:56_W:56_;PARALLEL;5;1000;4.52188;0.00452165;6.71391e-05;

BatchNorm;N:32_C:2048_H:7_W:7_;PARALLEL;5;6000;3.67809;0.000612954;1.77064e-05;


