Name;Descriptor;Mode;Warmup;Iterations;Duration;Mean;StdDev;
BatchNorm;N:32_C:1_H:224_W:224_;PARALLEL;5;10000;3.53887;0.000353848;7.51721e-05;

BatchNorm;N:32_C:64_H:112_W:112_;PARALLEL;5;1000;2.96282;0.00296261;0.000216969;

BatchNorm;N:32_C:256_H:112_W:112_;PARALLEL;5;200;3.99379;0.0199686;0.000190019;

BatchNorm;N:32_C:256_H:56_W:56_;PARALLEL;5;1000;3.22127;0.00322103;6.18041e-05;

BatchNorm;N:32_C:2048_H:7_W:7_;PARALLEL;5;6000;2.85164;0.000475228;2.06417e-05;


