Name;Descriptor;Mode;Warmup;Iterations;Duration;Mean;StdDev;
BatchNorm;N:32_C:1_H:224_W:224_;PARALLEL;5;10000;2.04525;0.000204463;2.12477e-05;

BatchNorm;N:32_C:64_H:112_W:112_;PARALLEL;5;1000;3.53503;0.0035348;3.54522e-05;

BatchNorm;N:32_C:256_H:112_W:112_;PARALLEL;5;200;4.33004;0.02165;4.69109e-05;

BatchNorm;N:32_C:256_H:56_W:56_;PARALLEL;5;1000;3.62297;0.00362273;3.00717e-05;

BatchNorm;N:32_C:2048_H:7_W:7_;PARALLEL;5;6000;3.64302;0.000607127;1.54092e-05;


