Name;Descriptor;Mode;Warmup;Iterations;Duration;Mean;StdDev;
BatchNorm;N:32_C:1_H:224_W:224_;PARALLEL;5;10000;12.8197;0.00128191;2.41298e-05;

BatchNorm;N:32_C:64_H:112_W:112_;PARALLEL;5;1000;22.3998;0.0223997;0.000185925;

BatchNorm;N:32_C:256_H:112_W:112_;PARALLEL;5;200;18.7249;0.0936243;0.00104719;

BatchNorm;N:32_C:256_H:56_W:56_;PARALLEL;5;1000;23.5963;0.0235961;0.000208576;

BatchNorm;N:32_C:2048_H:7_W:7_;PARALLEL;5;6000;28.5516;0.00475853;5.12104e-05;


