Name;Descriptor;Mode;Warmup;Iterations;Duration;Mean;StdDev;
BatchNorm;N:32_C:1_H:224_W:224_;PARALLEL;5;10000;5.24565;0.000524511;5.81608e-05;

BatchNorm;N:32_C:64_H:112_W:112_;PARALLEL;5;1000;6.93988;0.00693972;5.10664e-05;

BatchNorm;N:32_C:256_H:112_W:112_;PARALLEL;5;200;5.96969;0.0298482;7.13704e-05;

BatchNorm;N:32_C:256_H:56_W:56_;PARALLEL;5;1000;7.25065;0.00725047;4.89649e-05;

BatchNorm;N:32_C:2048_H:7_W:7_;PARALLEL;5;6000;8.6624;0.00144366;1.44807e-05;


