Name;Descriptor;Mode;Warmup;Iterations;Duration;Mean;StdDev;
BatchNorm;N:32_C:1_H:224_W:224_;PARALLEL;5;10000;3.36994;0.000336954;5.49146e-05;

BatchNorm;N:32_C:64_H:112_W:112_;PARALLEL;5;1000;2.94238;0.00294208;5.56238e-05;

BatchNorm;N:32_C:256_H:112_W:112_;PARALLEL;5;200;4.25178;0.0212586;0.000172531;

BatchNorm;N:32_C:256_H:56_W:56_;PARALLEL;5;1000;3.21488;0.00321457;0.000183569;

BatchNorm;N:32_C:2048_H:7_W:7_;PARALLEL;5;6000;3.33753;0.000556215;1.73644e-05;


