Name;Descriptor;Mode;Warmup;Iterations;Duration;Mean;StdDev;
BatchNorm;N:32_C:1_H:224_W:224_;PARALLEL;5;10000;6.82361;0.000682267;5.1525e-05;

BatchNorm;N:32_C:64_H:112_W:112_;PARALLEL;5;1000;11.6745;0.0116743;0.000120271;

BatchNorm;N:32_C:256_H:112_W:112_;PARALLEL;5;200;9.78936;0.0489466;0.000337297;

BatchNorm;N:32_C:256_H:56_W:56_;PARALLEL;5;1000;12.2361;0.012236;0.000123453;

BatchNorm;N:32_C:2048_H:7_W:7_;PARALLEL;5;6000;14.8163;0.00246923;3.02138e-05;


