Name;Descriptor;Mode;Warmup;Iterations;Duration;Mean;StdDev;
BatchNorm;N:32_C:1_H:224_W:224_;PARALLEL;5;10000;3.58607;0.000358575;3.00457e-05;

BatchNorm;N:32_C:64_H:112_W:112_;PARALLEL;5;1000;4.05637;0.00405618;4.05371e-05;

BatchNorm;N:32_C:256_H:112_W:112_;PARALLEL;5;200;4.46113;0.0223054;4.6952e-05;

BatchNorm;N:32_C:256_H:56_W:56_;PARALLEL;5;1000;4.19722;0.00419702;2.75401e-05;

BatchNorm;N:32_C:2048_H:7_W:7_;PARALLEL;5;6000;4.52144;0.000753506;6.58995e-06;


