Name;Descriptor;Mode;Warmup;Iterations;Duration;Mean;StdDev;
BatchNorm;N:32_C:1_H:224_W:224_;PARALLEL;5;10000;3.25511;0.000325463;4.98305e-05;

BatchNorm;N:32_C:64_H:112_W:112_;PARALLEL;5;1000;3.74646;0.00374636;7.20042e-05;

BatchNorm;N:32_C:256_H:112_W:112_;PARALLEL;5;200;4.90439;0.0245217;0.000353581;

BatchNorm;N:32_C:256_H:56_W:56_;PARALLEL;5;1000;4.00725;0.00400704;7.25306e-05;

BatchNorm;N:32_C:2048_H:7_W:7_;PARALLEL;5;6000;3.91146;0.000651876;1.79503e-05;


