Name;Descriptor;Mode;Warmup;Iterations;Duration;Mean;StdDev;
BatchNorm;N:32_C:1_H:224_W:224_;PARALLEL;5;10000;3.20282;0.000320233;3.23881e-05;

BatchNorm;N:32_C:64_H:112_W:112_;PARALLEL;5;1000;3.43825;0.00343809;0.000266466;

BatchNorm;N:32_C:256_H:112_W:112_;PARALLEL;5;200;4.55669;0.0227833;0.000158534;

BatchNorm;N:32_C:256_H:56_W:56_;PARALLEL;5;1000;3.151;0.00315081;4.07485e-05;

BatchNorm;N:32_C:2048_H:7_W:7_;PARALLEL;5;6000;2.91356;0.000485562;1.90353e-05;


