Name;Descriptor;Mode;Warmup;Iterations;Duration;Mean;StdDev;
BatchNorm;N:32_C:1_H:224_W:224_;PARALLEL;5;10000;6.34307;0.000634264;0.000211954;

BatchNorm;N:32_C:64_H:112_W:112_;PARALLEL;5;1000;4.37495;0.00437473;0.000267545;

BatchNorm;N:32_C:256_H:112_W:112_;PARALLEL;5;200;7.61374;0.0380685;0.00386819;

BatchNorm;N:32_C:256_H:56_W:56_;PARALLEL;5;1000;4.62415;0.00462388;0.000133582;

BatchNorm;N:32_C:2048_H:7_W:7_;PARALLEL;5;6000;5.13812;0.00085632;0.000135686;


