Name;Descriptor;Mode;Warmup;Iterations;Duration;Mean;StdDev;
BatchNorm;N:32_C:1_H:224_W:224_;PARALLEL;5;10000;3.30415;0.00033038;5.73085e-05;

BatchNorm;N:32_C:64_H:112_W:112_;PARALLEL;5;1000;3.52289;0.00352268;0.000107979;

BatchNorm;N:32_C:256_H:112_W:112_;PARALLEL;5;200;4.58276;0.0229136;0.000305694;

BatchNorm;N:32_C:256_H:56_W:56_;PARALLEL;5;1000;3.75359;0.00375335;8.25846e-05;

BatchNorm;N:32_C:2048_H:7_W:7_;PARALLEL;5;6000;3.86065;0.00064335;1.83237e-05;


