Name;Descriptor;Mode;Warmup;Iterations;Duration;Mean;StdDev;
BatchNorm;N:32_C:1_H:224_W:224_;PARALLEL;5;10000;2.0828;0.000208253;4.32907e-05;

BatchNorm;N:32_C:64_H:112_W:112_;PARALLEL;5;1000;3.55539;0.00355518;5.37733e-05;

BatchNorm;N:32_C:256_H:112_W:112_;PARALLEL;5;200;4.13319;0.0206657;0.000684758;

BatchNorm;N:32_C:256_H:56_W:56_;PARALLEL;5;1000;3.74728;0.00374708;3.34646e-05;

BatchNorm;N:32_C:2048_H:7_W:7_;PARALLEL;5;6000;3.94026;0.000656651;2.20703e-05;


