Name;Descriptor;Mode;Warmup;Iterations;Duration;Mean;StdDev;
BatchNorm;N:32_C:1_H:224_W:224_;PARALLEL;5;10000;2.18385;0.000218355;4.7006e-05;

BatchNorm;N:32_C:64_H:112_W:112_;PARALLEL;5;1000;3.57989;0.00357971;3.28363e-05;

BatchNorm;N:32_C:256_H:112_W:112_;PARALLEL;5;200;4.44398;0.0222197;6.37076e-05;

BatchNorm;N:32_C:256_H:56_W:56_;PARALLEL;5;1000;3.66582;0.00366565;3.82389e-05;

BatchNorm;N:32_C:2048_H:7_W:7_;PARALLEL;5;6000;3.60768;0.00060126;2.09261e-05;


