Name;Descriptor;Mode;Warmup;Iterations;Duration;Mean;StdDev;
BatchNorm;N:32_C:1_H:224_W:224_;PARALLEL;5;10000;2.42952;0.000242926;3.17215e-05;

BatchNorm;N:32_C:64_H:112_W:112_;PARALLEL;5;1000;3.34533;0.00334525;2.35837e-05;

BatchNorm;N:32_C:256_H:112_W:112_;PARALLEL;5;200;4.67321;0.0233659;3.68543e-05;

BatchNorm;N:32_C:256_H:56_W:56_;PARALLEL;5;1000;3.25528;0.0032551;2.9684e-05;

BatchNorm;N:32_C:2048_H:7_W:7_;PARALLEL;5;6000;2.99516;0.00049914;1.20912e-05;


