Name;Descriptor;Mode;Warmup;Iterations;Duration;Mean;StdDev;
BatchNorm;N:32_C:1_H:224_W:224_;PARALLEL;5;10000;5.18071;0.000518029;0.00024318;

BatchNorm;N:32_C:64_H:112_W:112_;PARALLEL;5;1000;3.35066;0.0033505;6.09395e-05;

BatchNorm;N:32_C:256_H:112_W:112_;PARALLEL;5;200;4.75406;0.0237701;6.91188e-05;

BatchNorm;N:32_C:256_H:56_W:56_;PARALLEL;5;1000;3.57218;0.00357192;3.81347e-05;

BatchNorm;N:32_C:2048_H:7_W:7_;PARALLEL;5;6000;2.9697;0.000494897;2.26982e-05;


