Name;Descriptor;Mode;Warmup;Iterations;Duration;Mean;StdDev;
BatchNorm;N:32_C:1_H:224_W:224_;PARALLEL;5;10000;3.53147;0.000353092;8.21748e-05;

BatchNorm;N:32_C:64_H:112_W:112_;PARALLEL;5;1000;3.2186;0.00321836;6.55336e-05;

BatchNorm;N:32_C:256_H:112_W:112_;PARALLEL;5;200;4.40469;0.0220232;6.19372e-05;

BatchNorm;N:32_C:256_H:56_W:56_;PARALLEL;5;1000;3.41515;0.00341488;3.86595e-05;

BatchNorm;N:32_C:2048_H:7_W:7_;PARALLEL;5;6000;2.92904;0.000488119;2.49564e-05;


