Name;Descriptor;Mode;Warmup;Iterations;Duration;Mean;StdDev;
BatchNorm;N:32_C:1_H:224_W:224_;PARALLEL;5;10000;2.12209;0.000212186;3.43499e-05;

BatchNorm;N:32_C:64_H:112_W:112_;PARALLEL;5;1000;3.98487;0.00398467;4.50083e-05;

BatchNorm;N:32_C:256_H:112_W:112_;PARALLEL;5;200;4.37622;0.0218809;4.11808e-05;

BatchNorm;N:32_C:256_H:56_W:56_;PARALLEL;5;1000;4.04818;0.00404798;3.54513e-05;

BatchNorm;N:32_C:2048_H:7_W:7_;PARALLEL;5;6000;4.00012;0.000666629;1.02484e-05;


