Name;Descriptor;Mode;Warmup;Iterations;Duration;Mean;StdDev;
BatchNorm;N:32_C:1_H:224_W:224_;PARALLEL;5;10000;2.07696;0.000207669;5.70046e-05;

BatchNorm;N:32_C:64_H:112_W:112_;PARALLEL;5;1000;3.63427;0.0036341;6.20023e-05;

BatchNorm;N:32_C:256_H:112_W:112_;PARALLEL;5;200;4.4735;0.0223673;9.02655e-05;

BatchNorm;N:32_C:256_H:56_W:56_;PARALLEL;5;1000;3.78077;0.00378061;4.23543e-05;

BatchNorm;N:32_C:2048_H:7_W:7_;PARALLEL;5;6000;3.67209;0.000611974;1.28104e-05;


