Name;Descriptor;Mode;Warmup;Iterations;Duration;Mean;StdDev;
BatchNorm;N:32_C:1_H:224_W:224_;PARALLEL;5;10000;4.4928;0.000449228;0.000124169;

BatchNorm;N:32_C:64_H:112_W:112_;PARALLEL;5;1000;3.11618;0.00311592;0.000126113;

BatchNorm;N:32_C:256_H:112_W:112_;PARALLEL;5;200;4.41446;0.022072;0.000152949;

BatchNorm;N:32_C:256_H:56_W:56_;PARALLEL;5;1000;3.70875;0.00370848;4.03249e-05;

BatchNorm;N:32_C:2048_H:7_W:7_;PARALLEL;5;6000;2.89866;0.000483047;0.000135071;


