Name;Descriptor;Mode;Warmup;Iterations;Duration;Mean;StdDev;
BatchNorm;N:32_C:1_H:224_W:224_;PARALLEL;5;10000;3.83077;0.000383029;0.000148818;

BatchNorm;N:32_C:64_H:112_W:112_;PARALLEL;5;1000;4.54739;0.00454731;0.000308283;

BatchNorm;N:32_C:256_H:112_W:112_;PARALLEL;5;200;4.94007;0.0247002;0.000640277;

BatchNorm;N:32_C:256_H:56_W:56_;PARALLEL;5;1000;3.74359;0.00374344;4.28682e-05;

BatchNorm;N:32_C:2048_H:7_W:7_;PARALLEL;5;6000;3.40147;0.000566841;1.64039e-05;


