Name;Descriptor;Mode;Warmup;Iterations;Duration;Mean;StdDev;
BatchNorm;N:32_C:1_H:224_W:224_;PARALLEL;5;10000;3.29107;0.000329077;9.33859e-05;

BatchNorm;N:32_C:64_H:112_W:112_;PARALLEL;5;1000;3.44022;0.00343999;0.000105895;

BatchNorm;N:32_C:256_H:112_W:112_;PARALLEL;5;200;4.718;0.0235898;0.000191279;

BatchNorm;N:32_C:256_H:56_W:56_;PARALLEL;5;1000;3.57677;0.0035765;6.75033e-05;

BatchNorm;N:32_C:2048_H:7_W:7_;PARALLEL;5;6000;3.61212;0.000601966;2.11699e-05;


