Name;Descriptor;Mode;Warmup;Iterations;Duration;Mean;StdDev;
BatchNorm;N:32_C:1_H:224_W:224_;PARALLEL;5;10000;3.57644;0.000357614;3.15309e-05;

BatchNorm;N:32_C:64_H:112_W:112_;PARALLEL;5;1000;4.68151;0.00468132;2.99588e-05;

BatchNorm;N:32_C:256_H:112_W:112_;PARALLEL;5;200;4.73241;0.0236618;3.08717e-05;

BatchNorm;N:32_C:256_H:56_W:56_;PARALLEL;5;1000;4.88813;0.00488795;1.14528e-05;

BatchNorm;N:32_C:2048_H:7_W:7_;PARALLEL;5;6000;5.69208;0.000948614;9.14698e-06;


