Name;Descriptor;Mode;Warmup;Iterations;Duration;Mean;StdDev;
BatchNorm;N:32_C:1_H:224_W:224_;PARALLEL;5;10000;6.37613;0.000637558;5.96058e-05;

BatchNorm;N:32_C:64_H:112_W:112_;PARALLEL;5;1000;11.6323;0.0116321;0.000116598;

BatchNorm;N:32_C:256_H:112_W:112_;PARALLEL;5;200;9.37564;0.046878;0.000232649;

BatchNorm;N:32_C:256_H:56_W:56_;PARALLEL;5;1000;12.2151;0.0122149;0.000115456;

BatchNorm;N:32_C:2048_H:7_W:7_;PARALLEL;5;6000;15.0694;0.0025114;6.24779e-05;


