Name;Descriptor;Mode;Warmup;Iterations;Duration;Mean;StdDev;
BatchNorm;N:32_C:1_H:224_W:224_;PARALLEL;5;10000;3.53964;0.000353936;2.73576e-05;

BatchNorm;N:32_C:64_H:112_W:112_;PARALLEL;5;1000;9.93769;0.00993755;3.98693e-05;

BatchNorm;N:32_C:256_H:112_W:112_;PARALLEL;5;200;8.32084;0.041604;3.90045e-05;

BatchNorm;N:32_C:256_H:56_W:56_;PARALLEL;5;1000;10.5156;0.0105154;1.69908e-05;

BatchNorm;N:32_C:2048_H:7_W:7_;PARALLEL;5;6000;10.9479;0.00182455;6.24502e-06;


