Name;Descriptor;Mode;Warmup;Iterations;Duration;Mean;StdDev;
BatchNorm;N:32_C:1_H:224_W:224_;PARALLEL;5;10000;12.3703;0.00123699;7.53441e-05;

BatchNorm;N:32_C:64_H:112_W:112_;PARALLEL;5;1000;21.8739;0.0218737;5.62026e-05;

BatchNorm;N:32_C:256_H:112_W:112_;PARALLEL;5;200;17.6225;0.0881124;0.000111964;

BatchNorm;N:32_C:256_H:56_W:56_;PARALLEL;5;1000;23.0346;0.0230344;6.12018e-05;

BatchNorm;N:32_C:2048_H:7_W:7_;PARALLEL;5;6000;29.3619;0.0048935;3.26893e-05;


