Name;Descriptor;Mode;Warmup;Iterations;Duration;Mean;StdDev;
BatchNorm;N:32_C:1_H:224_W:224_;PARALLEL;5;10000;5.22383;0.000522335;6.26667e-05;

BatchNorm;N:32_C:64_H:112_W:112_;PARALLEL;5;1000;8.48781;0.00848767;0.000857721;

BatchNorm;N:32_C:256_H:112_W:112_;PARALLEL;5;200;7.07903;0.035395;0.00454457;

BatchNorm;N:32_C:256_H:56_W:56_;PARALLEL;5;1000;8.83021;0.00883003;0.000355134;

BatchNorm;N:32_C:2048_H:7_W:7_;PARALLEL;5;6000;9.36547;0.00156085;0.000135525;


