Name;Descriptor;Mode;Warmup;Iterations;Duration;Mean;StdDev;
BatchNorm;N:32_C:1_H:224_W:224_;PARALLEL;5;10000;5.46974;0.000546933;2.82662e-05;

BatchNorm;N:32_C:64_H:112_W:112_;PARALLEL;5;1000;7.82547;0.00782535;5.1877e-05;

BatchNorm;N:32_C:256_H:112_W:112_;PARALLEL;5;200;6.5783;0.0328913;0.000497643;

BatchNorm;N:32_C:256_H:56_W:56_;PARALLEL;5;1000;8.26687;0.00826674;3.52323e-05;

BatchNorm;N:32_C:2048_H:7_W:7_;PARALLEL;5;6000;8.23098;0.00137172;1.65511e-05;


