Name;Descriptor;Mode;Warmup;Iterations;Duration;Mean;StdDev;
BatchNorm;N:32_C:1_H:224_W:224_;PARALLEL;5;10000;3.43341;0.000343304;2.37897e-05;

BatchNorm;N:32_C:64_H:112_W:112_;PARALLEL;5;1000;7.66433;0.00766411;0.000306412;

BatchNorm;N:32_C:256_H:112_W:112_;PARALLEL;5;200;6.45374;0.0322684;0.00189948;

BatchNorm;N:32_C:256_H:56_W:56_;PARALLEL;5;1000;8.05257;0.00805236;7.55784e-05;

BatchNorm;N:32_C:2048_H:7_W:7_;PARALLEL;5;6000;8.02365;0.00133721;1.3739e-05;


