Name;Descriptor;Mode;Warmup;Iterations;Duration;Mean;StdDev;
BatchNorm;N:32_C:1_H:224_W:224_;PARALLEL;5;10000;5.60993;0.000560944;3.129e-05;

BatchNorm;N:32_C:64_H:112_W:112_;PARALLEL;5;1000;7.33545;0.00733531;8.9991e-05;

BatchNorm;N:32_C:256_H:112_W:112_;PARALLEL;5;200;6.15318;0.0307658;7.08558e-05;

BatchNorm;N:32_C:256_H:56_W:56_;PARALLEL;5;1000;7.79437;0.00779423;6.01193e-05;

BatchNorm;N:32_C:2048_H:7_W:7_;PARALLEL;5;6000;7.2103;0.00120161;9.821e-06;


