Name;Descriptor;Mode;Warmup;Iterations;Duration;Mean;StdDev;
BatchNorm;N:32_C:1_H:224_W:224_;PARALLEL;5;10000;5.47345;0.000547306;2.31002e-05;

BatchNorm;N:32_C:64_H:112_W:112_;PARALLEL;5;1000;7.29701;0.00729685;0.000118578;

BatchNorm;N:32_C:256_H:112_W:112_;PARALLEL;5;200;6.149;0.0307448;0.000116699;

BatchNorm;N:32_C:256_H:56_W:56_;PARALLEL;5;1000;7.74879;0.00774865;6.45385e-05;

BatchNorm;N:32_C:2048_H:7_W:7_;PARALLEL;5;6000;6.71665;0.00111937;1.91951e-05;


