Name;Descriptor;Mode;Warmup;Iterations;Duration;Mean;StdDev;
BatchNorm;N:32_C:1_H:224_W:224_;PARALLEL;5;10000;9.34606;0.000934564;6.5877e-05;

BatchNorm;N:32_C:64_H:112_W:112_;PARALLEL;5;1000;14.8403;0.0148402;8.62885e-05;

BatchNorm;N:32_C:256_H:112_W:112_;PARALLEL;5;200;11.9532;0.0597656;0.00022232;

BatchNorm;N:32_C:256_H:56_W:56_;PARALLEL;5;1000;15.6147;0.0156146;0.000103059;

BatchNorm;N:32_C:2048_H:7_W:7_;PARALLEL;5;6000;19.6349;0.00327234;3.78454e-05;


