Name;Descriptor;Mode;Warmup;Iterations;Duration;Mean;StdDev;
BatchNorm;N:32_C:1_H:224_W:224_;PARALLEL;5;10000;24.3928;0.00243919;4.49248e-05;

BatchNorm;N:32_C:64_H:112_W:112_;PARALLEL;5;1000;43.4109;0.0434107;0.000169757;

BatchNorm;N:32_C:256_H:112_W:112_;PARALLEL;5;200;34.8005;0.174002;0.000296846;

BatchNorm;N:32_C:256_H:56_W:56_;PARALLEL;5;1000;45.5052;0.045505;0.000156159;

BatchNorm;N:32_C:2048_H:7_W:7_;PARALLEL;5;6000;58.8305;0.00980492;9.23771e-05;


