Name;Descriptor;Mode;Warmup;Iterations;Duration;Mean;StdDev;
BatchNorm;N:32_C:1_H:224_W:224_;PARALLEL;5;10000;5.7618;0.00057614;2.80507e-05;

BatchNorm;N:32_C:64_H:112_W:112_;PARALLEL;5;1000;7.5554;0.00755521;1.90748e-05;

BatchNorm;N:32_C:256_H:112_W:112_;PARALLEL;5;200;6.39263;0.031963;3.86953e-05;

BatchNorm;N:32_C:256_H:56_W:56_;PARALLEL;5;1000;8.06623;0.00806606;3.24009e-05;

BatchNorm;N:32_C:2048_H:7_W:7_;PARALLEL;5;6000;7.99124;0.00133181;8.1114e-06;


