Name;Descriptor;Mode;Warmup;Iterations;Duration;Mean;StdDev;
BatchNorm;N:32_C:1_H:224_W:224_;PARALLEL;5;10000;2.14644;0.000214571;4.9632e-05;

BatchNorm;N:32_C:64_H:112_W:112_;PARALLEL;5;1000;2.91358;0.00291342;4.63943e-05;

BatchNorm;N:32_C:256_H:112_W:112_;PARALLEL;5;200;4.45984;0.0222991;7.41367e-05;

BatchNorm;N:32_C:256_H:56_W:56_;PARALLEL;5;1000;3.3753;0.00337512;3.57914e-05;

BatchNorm;N:32_C:2048_H:7_W:7_;PARALLEL;5;6000;2.14901;0.000357985;5.92324e-05;


