Name;Descriptor;Mode;Warmup;Iterations;Duration;Mean;StdDev;
BatchNorm;N:32_C:1_H:224_W:224_;PARALLEL;5;10000;1.99227;0.000199119;4.86714e-05;

BatchNorm;N:32_C:64_H:112_W:112_;PARALLEL;5;1000;3.1045;0.00310438;6.7803e-05;

BatchNorm;N:32_C:256_H:112_W:112_;PARALLEL;5;200;3.79801;0.01899;0.000128671;

BatchNorm;N:32_C:256_H:56_W:56_;PARALLEL;5;1000;3.03447;0.00303438;2.72635e-05;

BatchNorm;N:32_C:2048_H:7_W:7_;PARALLEL;5;6000;1.92265;0.000320328;1.32606e-05;


