Name;Descriptor;Mode;Warmup;Iterations;Duration;Mean;StdDev;
BatchNorm;N:32_C:1_H:224_W:224_;PARALLEL;5;10000;2.09609;0.000209467;0.000118477;

BatchNorm;N:32_C:64_H:112_W:112_;PARALLEL;5;1000;2.68694;0.00268677;6.09553e-05;

BatchNorm;N:32_C:256_H:112_W:112_;PARALLEL;5;200;4.37763;0.021888;6.06163e-05;

BatchNorm;N:32_C:256_H:56_W:56_;PARALLEL;5;1000;3.01587;0.0030157;2.86711e-05;

BatchNorm;N:32_C:2048_H:7_W:7_;PARALLEL;5;6000;1.97679;0.000329409;2.57639e-05;


