Name;Descriptor;Mode;Warmup;Iterations;Duration;Mean;StdDev;
BatchNorm;N:32_C:1_H:224_W:224_;PARALLEL;5;10000;1.96296;0.000196256;4.80071e-05;

BatchNorm;N:32_C:64_H:112_W:112_;PARALLEL;5;1000;2.94211;0.00294197;6.0571e-05;

BatchNorm;N:32_C:256_H:112_W:112_;PARALLEL;5;200;4.02947;0.0201473;0.000245442;

BatchNorm;N:32_C:256_H:56_W:56_;PARALLEL;5;1000;3.07885;0.00307872;3.74524e-05;

BatchNorm;N:32_C:2048_H:7_W:7_;PARALLEL;5;6000;2.4493;0.000408119;1.21559e-05;


