Name;Descriptor;Mode;Warmup;Iterations;Duration;Mean;StdDev;
BatchNorm;N:32_C:1_H:224_W:224_;PARALLEL;5;10000;3.93099;0.00039301;8.33222e-06;

BatchNorm;N:32_C:64_H:112_W:112_;PARALLEL;5;1000;6.11061;0.0061105;0.000153581;

BatchNorm;N:32_C:256_H:112_W:112_;PARALLEL;5;200;5.4784;0.0273919;0.000947204;

BatchNorm;N:32_C:256_H:56_W:56_;PARALLEL;5;1000;6.2531;0.00625299;0.000150727;

BatchNorm;N:32_C:2048_H:7_W:7_;PARALLEL;5;6000;5.38267;0.000897029;2.15383e-05;


