Name;Descriptor;Mode;Warmup;Iterations;Duration;Mean;StdDev;
BatchNorm;N:32_C:1_H:224_W:224_;PARALLEL;5;10000;2.11623;0.000211542;6.33236e-05;

BatchNorm;N:32_C:64_H:112_W:112_;PARALLEL;5;1000;3.156;0.00315588;3.88803e-05;

BatchNorm;N:32_C:256_H:112_W:112_;PARALLEL;5;200;4.4354;0.0221769;8.79249e-05;

BatchNorm;N:32_C:256_H:56_W:56_;PARALLEL;5;1000;3.14879;0.00314864;0.000152412;

BatchNorm;N:32_C:2048_H:7_W:7_;PARALLEL;5;6000;2.03022;0.000338243;1.53225e-05;


