Name;Descriptor;Mode;Warmup;Iterations;Duration;Mean;StdDev;
BatchNorm;N:32_C:1_H:224_W:224_;PARALLEL;5;10000;1.88385;0.00018831;4.10785e-05;

BatchNorm;N:32_C:64_H:112_W:112_;PARALLEL;5;1000;2.95782;0.00295769;6.38022e-05;

BatchNorm;N:32_C:256_H:112_W:112_;PARALLEL;5;200;4.51877;0.0225936;0.000165066;

BatchNorm;N:32_C:256_H:56_W:56_;PARALLEL;5;1000;3.24602;0.00324584;4.77696e-05;

BatchNorm;N:32_C:2048_H:7_W:7_;PARALLEL;5;6000;2.43838;0.000406216;1.09689e-05;


