Name;Descriptor;Mode;Warmup;Iterations;Duration;Mean;StdDev;
BatchNorm;N:32_C:1_H:224_W:224_;PARALLEL;5;10000;2.74403;0.000274301;2.43768e-05;

BatchNorm;N:32_C:64_H:112_W:112_;PARALLEL;5;1000;4.92603;0.0049259;0.000120826;

BatchNorm;N:32_C:256_H:112_W:112_;PARALLEL;5;200;4.67212;0.0233605;0.000424659;

BatchNorm;N:32_C:256_H:56_W:56_;PARALLEL;5;1000;4.98398;0.00498387;0.000115665;

BatchNorm;N:32_C:2048_H:7_W:7_;PARALLEL;5;6000;4.15578;0.000692516;8.32475e-05;


