Name;Descriptor;Mode;Warmup;Iterations;Duration;Mean;StdDev;
BatchNorm;N:32_C:1_H:224_W:224_;PARALLEL;5;10000;5.12389;0.000512279;9.48522e-06;

BatchNorm;N:32_C:64_H:112_W:112_;PARALLEL;5;1000;10.0634;0.0100633;2.9829e-05;

BatchNorm;N:32_C:256_H:112_W:112_;PARALLEL;5;200;8.69593;0.0434795;0.000109969;

BatchNorm;N:32_C:256_H:56_W:56_;PARALLEL;5;1000;10.4707;0.0104705;4.79541e-05;

BatchNorm;N:32_C:2048_H:7_W:7_;PARALLEL;5;6000;9.70315;0.00161713;8.55846e-06;


