Name;Descriptor;Mode;Warmup;Iterations;Duration;Mean;StdDev;
BatchNorm;N:32_C:1_H:224_W:224_;PARALLEL;5;10000;2.80676;0.00028054;5.15324e-05;

BatchNorm;N:32_C:64_H:112_W:112_;PARALLEL;5;1000;4.34466;0.00434454;5.08866e-05;

BatchNorm;N:32_C:256_H:112_W:112_;PARALLEL;5;200;4.44724;0.0222361;7.28592e-05;

BatchNorm;N:32_C:256_H:56_W:56_;PARALLEL;5;1000;4.47534;0.00447525;8.02428e-05;

BatchNorm;N:32_C:2048_H:7_W:7_;PARALLEL;5;6000;3.28914;0.000548099;1.67167e-05;


