Name;Descriptor;Mode;Warmup;Iterations;Duration;Mean;StdDev;
BatchNorm;N:32_C:1_H:224_W:224_;PARALLEL;5;10000;5.73027;0.000572962;0.000109227;

BatchNorm;N:32_C:64_H:112_W:112_;PARALLEL;5;1000;4.76174;0.00476149;0.000771088;

BatchNorm;N:32_C:256_H:112_W:112_;PARALLEL;5;200;4.63973;0.0231985;0.00200693;

BatchNorm;N:32_C:256_H:56_W:56_;PARALLEL;5;1000;2.96036;0.00296022;0.000154474;

BatchNorm;N:32_C:2048_H:7_W:7_;PARALLEL;5;6000;1.76236;0.000293574;1.66727e-05;


