Name;Descriptor;Mode;Warmup;Iterations;Duration;Mean;StdDev;
BatchNorm;N:32_C:1_H:224_W:224_;PARALLEL;5;10000;2.77514;0.000277391;6.04987e-05;

BatchNorm;N:32_C:64_H:112_W:112_;PARALLEL;5;1000;4.06052;0.00406041;4.918e-05;

BatchNorm;N:32_C:256_H:112_W:112_;PARALLEL;5;200;4.26815;0.0213407;7.17918e-05;

BatchNorm;N:32_C:256_H:56_W:56_;PARALLEL;5;1000;4.20538;0.00420526;4.13405e-05;

BatchNorm;N:32_C:2048_H:7_W:7_;PARALLEL;5;6000;2.94221;0.000490287;1.60222e-05;


