Name;Descriptor;Mode;Warmup;Iterations;Duration;Mean;StdDev;
BatchNorm;N:32_C:1_H:224_W:224_;PARALLEL;5;10000;5.22501;0.000522425;0.000209711;

BatchNorm;N:32_C:64_H:112_W:112_;PARALLEL;5;1000;3.01326;0.00301308;2.88028e-05;

BatchNorm;N:32_C:256_H:112_W:112_;PARALLEL;5;200;4.23622;0.0211809;0.00035633;

BatchNorm;N:32_C:256_H:56_W:56_;PARALLEL;5;1000;3.17618;0.00317598;1.69903e-05;

BatchNorm;N:32_C:2048_H:7_W:7_;PARALLEL;5;6000;1.92156;0.000320133;1.54491e-05;


