Name;Descriptor;Mode;Warmup;Iterations;Duration;Mean;StdDev;
BatchNorm;N:32_C:1_H:224_W:224_;PARALLEL;5;10000;1.81008;0.000180963;5.03672e-05;

BatchNorm;N:32_C:64_H:112_W:112_;PARALLEL;5;1000;3.25982;0.00325968;6.23451e-05;

BatchNorm;N:32_C:256_H:112_W:112_;PARALLEL;5;200;4.69851;0.0234924;0.000465235;

BatchNorm;N:32_C:256_H:56_W:56_;PARALLEL;5;1000;3.31488;0.00331477;6.33662e-05;

BatchNorm;N:32_C:2048_H:7_W:7_;PARALLEL;5;6000;2.16596;0.000360907;8.51772e-06;


