Name;Descriptor;Mode;Warmup;Iterations;Duration;Mean;StdDev;
BatchNorm;N:32_C:1_H:224_W:224_;PARALLEL;5;10000;4.06388;0.000406327;5.92248e-05;

BatchNorm;N:32_C:64_H:112_W:112_;PARALLEL;5;1000;6.81141;0.00681129;0.000198337;

BatchNorm;N:32_C:256_H:112_W:112_;PARALLEL;5;200;5.86607;0.0293302;0.00104188;

BatchNorm;N:32_C:256_H:56_W:56_;PARALLEL;5;1000;6.99656;0.00699642;0.000275578;

BatchNorm;N:32_C:2048_H:7_W:7_;PARALLEL;5;6000;6.14666;0.00102429;3.01822e-05;


