Name;Descriptor;Mode;Warmup;Iterations;Duration;Mean;StdDev;
BatchNorm;N:32_C:1_H:224_W:224_;PARALLEL;5;10000;2.70591;0.00027049;1.27288e-05;

BatchNorm;N:32_C:64_H:112_W:112_;PARALLEL;5;1000;5.84472;0.00584461;5.11473e-05;

BatchNorm;N:32_C:256_H:112_W:112_;PARALLEL;5;200;4.93816;0.0246907;3.56672e-05;

BatchNorm;N:32_C:256_H:56_W:56_;PARALLEL;5;1000;6.07947;0.00607936;3.18435e-05;

BatchNorm;N:32_C:2048_H:7_W:7_;PARALLEL;5;6000;5.02206;0.000836913;4.96297e-06;


