Name;Descriptor;Mode;Warmup;Iterations;Duration;Mean;StdDev;
BatchNorm;N:32_C:1_H:224_W:224_;PARALLEL;5;10000;2.06323;0.000206125;5.99688e-05;

BatchNorm;N:32_C:64_H:112_W:112_;PARALLEL;5;1000;2.69804;0.00269789;4.87177e-05;

BatchNorm;N:32_C:256_H:112_W:112_;PARALLEL;5;200;4.09894;0.0204945;9.63943e-05;

BatchNorm;N:32_C:256_H:56_W:56_;PARALLEL;5;1000;2.91354;0.0029134;5.40394e-05;

BatchNorm;N:32_C:2048_H:7_W:7_;PARALLEL;5;6000;2.19989;0.000366439;1.34103e-05;


