Name;Descriptor;Mode;Warmup;Iterations;Duration;Mean;StdDev;
BatchNorm;N:32_C:1_H:224_W:224_;PARALLEL;5;10000;2.7076;0.000270668;1.19608e-05;

BatchNorm;N:32_C:64_H:112_W:112_;PARALLEL;5;1000;4.54581;0.0045457;7.71005e-05;

BatchNorm;N:32_C:256_H:112_W:112_;PARALLEL;5;200;4.35178;0.0217588;4.78991e-05;

BatchNorm;N:32_C:256_H:56_W:56_;PARALLEL;5;1000;4.61668;0.00461656;3.34207e-05;

BatchNorm;N:32_C:2048_H:7_W:7_;PARALLEL;5;6000;3.5342;0.000588955;6.84972e-06;


