Name;Descriptor;Mode;Warmup;Iterations;Duration;Mean;StdDev;
BatchNorm;N:32_C:1_H:224_W:224_;PARALLEL;5;10000;1.96887;0.00019681;4.17361e-05;

BatchNorm;N:32_C:64_H:112_W:112_;PARALLEL;5;1000;3.19823;0.00319809;6.77082e-05;

BatchNorm;N:32_C:256_H:112_W:112_;PARALLEL;5;200;4.14611;0.0207305;0.000346652;

BatchNorm;N:32_C:256_H:56_W:56_;PARALLEL;5;1000;3.54489;0.00354478;6.30979e-05;

BatchNorm;N:32_C:2048_H:7_W:7_;PARALLEL;5;6000;2.47007;0.000411589;1.01269e-05;


