Name;Descriptor;Mode;Warmup;Iterations;Duration;Mean;StdDev;
BatchNorm;N:32_C:1_H:224_W:224_;PARALLEL;5;10000;6.37523;0.000637398;1.81259e-05;

BatchNorm;N:32_C:64_H:112_W:112_;PARALLEL;5;1000;11.2223;0.0112221;0.000277843;

BatchNorm;N:32_C:256_H:112_W:112_;PARALLEL;5;200;9.68752;0.0484375;0.000841907;

BatchNorm;N:32_C:256_H:56_W:56_;PARALLEL;5;1000;11.5517;0.0115516;0.000287941;

BatchNorm;N:32_C:2048_H:7_W:7_;PARALLEL;5;6000;11.0394;0.00183981;0.000104432;


