Name;Descriptor;Mode;Warmup;Iterations;Duration;Mean;StdDev;
BatchNorm;N:32_C:1_H:224_W:224_;PARALLEL;5;10000;1.5832;0.000158277;3.26779e-05;

BatchNorm;N:32_C:64_H:112_W:112_;PARALLEL;5;1000;3.77495;0.00377484;5.34966e-05;

BatchNorm;N:32_C:256_H:112_W:112_;PARALLEL;5;200;4.48696;0.0224347;4.55548e-05;

BatchNorm;N:32_C:256_H:56_W:56_;PARALLEL;5;1000;3.96268;0.00396256;4.94018e-05;

BatchNorm;N:32_C:2048_H:7_W:7_;PARALLEL;5;6000;2.58084;0.000430045;1.51459e-05;


