Name;Descriptor;Mode;Warmup;Iterations;Duration;Mean;StdDev;
BatchNorm;N:32_C:1_H:224_W:224_;PARALLEL;5;10000;4.60923;0.000460814;0.000145432;

BatchNorm;N:32_C:64_H:112_W:112_;PARALLEL;5;1000;3.15218;0.00315157;0.000248742;

BatchNorm;N:32_C:256_H:112_W:112_;PARALLEL;5;200;4.08519;0.0204254;7.8336e-05;

BatchNorm;N:32_C:256_H:56_W:56_;PARALLEL;5;1000;2.87602;0.00287543;0.000133128;

BatchNorm;N:32_C:2048_H:7_W:7_;PARALLEL;5;6000;2.07427;0.000345586;1.4906e-05;


