Name;Descriptor;Mode;Warmup;Iterations;Duration;Mean;StdDev;
BatchNorm;N:32_C:1_H:224_W:224_;PARALLEL;5;10000;2.0734;0.000207214;9.95543e-05;

BatchNorm;N:32_C:64_H:112_W:112_;PARALLEL;5;1000;2.65192;0.00265174;0.000170285;

BatchNorm;N:32_C:256_H:112_W:112_;PARALLEL;5;200;3.77046;0.0188522;0.000118043;

BatchNorm;N:32_C:256_H:56_W:56_;PARALLEL;5;1000;2.83644;0.00283631;9.9839e-05;

BatchNorm;N:32_C:2048_H:7_W:7_;PARALLEL;5;6000;2.19271;0.00036534;1.38788e-05;


