Name;Descriptor;Mode;Warmup;Iterations;Duration;Mean;StdDev;
BatchNorm;N:32_C:1_H:224_W:224_;PARALLEL;5;10000;2.04929;0.0002048;5.23402e-05;

BatchNorm;N:32_C:64_H:112_W:112_;PARALLEL;5;1000;2.92566;0.00292551;4.69914e-05;

BatchNorm;N:32_C:256_H:112_W:112_;PARALLEL;5;200;3.9967;0.0199833;0.000108207;

BatchNorm;N:32_C:256_H:56_W:56_;PARALLEL;5;1000;2.93855;0.00293839;4.54456e-05;

BatchNorm;N:32_C:2048_H:7_W:7_;PARALLEL;5;6000;2.13184;0.000355196;1.55229e-05;


