Name;Descriptor;Mode;Warmup;Iterations;Duration;Mean;StdDev;
BatchNorm;N:32_C:1_H:224_W:224_;PARALLEL;5;10000;1.96584;0.000196452;3.9697e-05;

BatchNorm;N:32_C:64_H:112_W:112_;PARALLEL;5;1000;3.55657;0.00355646;0.000108977;

BatchNorm;N:32_C:256_H:112_W:112_;PARALLEL;5;200;4.20653;0.0210325;3.891e-05;

BatchNorm;N:32_C:256_H:56_W:56_;PARALLEL;5;1000;3.25703;0.00325693;3.72985e-05;

BatchNorm;N:32_C:2048_H:7_W:7_;PARALLEL;5;6000;2.07524;0.000345759;1.08785e-05;


