Name;Descriptor;Mode;Warmup;Iterations;Duration;Mean;StdDev;
BatchNorm;N:32_C:1_H:224_W:224_;PARALLEL;5;10000;2.74087;0.000273993;1.01829e-05;

BatchNorm;N:32_C:64_H:112_W:112_;PARALLEL;5;1000;4.35786;0.00435775;9.27884e-05;

BatchNorm;N:32_C:256_H:112_W:112_;PARALLEL;5;200;4.10653;0.0205326;0.000455056;

BatchNorm;N:32_C:256_H:56_W:56_;PARALLEL;5;1000;4.49176;0.00449163;0.000194579;

BatchNorm;N:32_C:2048_H:7_W:7_;PARALLEL;5;6000;3.50686;0.000584358;5.5778e-05;


