Name;Descriptor;Mode;Warmup;Iterations;Duration;Mean;StdDev;
BatchNorm;N:32_C:1_H:224_W:224_;PARALLEL;5;10000;1.60306;0.00016018;1.21378e-05;

BatchNorm;N:32_C:64_H:112_W:112_;PARALLEL;5;1000;3.524;0.00352387;0.000112209;

BatchNorm;N:32_C:256_H:112_W:112_;PARALLEL;5;200;4.43948;0.0221973;0.000777505;

BatchNorm;N:32_C:256_H:56_W:56_;PARALLEL;5;1000;3.59459;0.00359448;0.000155379;

BatchNorm;N:32_C:2048_H:7_W:7_;PARALLEL;5;6000;2.42372;0.000403863;3.53654e-05;


