Name;Descriptor;Mode;Warmup;Iterations;Duration;Mean;StdDev;
BatchNorm;N:32_C:1_H:224_W:224_;PARALLEL;5;10000;1.63479;0.000163438;4.1134e-05;

BatchNorm;N:32_C:64_H:112_W:112_;PARALLEL;5;1000;3.59661;0.0035965;4.55132e-05;

BatchNorm;N:32_C:256_H:112_W:112_;PARALLEL;5;200;4.26181;0.0213089;3.51471e-05;

BatchNorm;N:32_C:256_H:56_W:56_;PARALLEL;5;1000;3.73101;0.00373089;3.57213e-05;

BatchNorm;N:32_C:2048_H:7_W:7_;PARALLEL;5;6000;2.52972;0.000421513;3.15527e-06;


