Name;Descriptor;Mode;Warmup;Iterations;Duration;Mean;StdDev;
BatchNorm;N:32_C:1_H:224_W:224_;PARALLEL;5;10000;2.67778;0.000267706;3.37669e-06;

BatchNorm;N:32_C:64_H:112_W:112_;PARALLEL;5;1000;3.83536;0.00383526;4.4275e-05;

BatchNorm;N:32_C:256_H:112_W:112_;PARALLEL;5;200;3.91559;0.0195779;6.2439e-05;

BatchNorm;N:32_C:256_H:56_W:56_;PARALLEL;5;1000;4.12971;0.0041296;2.9177e-05;

BatchNorm;N:32_C:2048_H:7_W:7_;PARALLEL;5;6000;2.78243;0.000463651;4.53085e-06;


