Name;Descriptor;Mode;Warmup;Iterations;Duration;Mean;StdDev;
BatchNorm;N:32_C:1_H:224_W:224_;PARALLEL;5;10000;1.84253;0.000184127;4.2569e-05;

BatchNorm;N:32_C:64_H:112_W:112_;PARALLEL;5;1000;3.49255;0.00349247;0.000107034;

BatchNorm;N:32_C:256_H:112_W:112_;PARALLEL;5;200;4.50596;0.0225297;3.84836e-05;

BatchNorm;N:32_C:256_H:56_W:56_;PARALLEL;5;1000;3.48042;0.00348031;1.67475e-05;

BatchNorm;N:32_C:2048_H:7_W:7_;PARALLEL;5;6000;2.14056;0.000356646;4.66054e-06;


