Name;Descriptor;Mode;Warmup;Iterations;Duration;Mean;StdDev;
BatchNorm;N:32_C:1_H:224_W:224_;PARALLEL;5;10000;2.25094;0.000224964;0.000108526;

BatchNorm;N:32_C:64_H:112_W:112_;PARALLEL;5;1000;2.66427;0.00266413;0.000158761;

BatchNorm;N:32_C:256_H:112_W:112_;PARALLEL;5;200;4.29381;0.0214689;8.05842e-05;

BatchNorm;N:32_C:256_H:56_W:56_;PARALLEL;5;1000;3.11757;0.00311741;5.26216e-05;

BatchNorm;N:32_C:2048_H:7_W:7_;PARALLEL;5;6000;1.88947;0.000314756;1.8032e-05;


