Name;Descriptor;Mode;Warmup;Iterations;Duration;Mean;StdDev;
BatchNorm;N:32_C:1_H:224_W:224_;PARALLEL;5;10000;4.88561;0.000488396;0.000133734;

BatchNorm;N:32_C:64_H:112_W:112_;PARALLEL;5;1000;3.30317;0.00330305;0.000128732;

BatchNorm;N:32_C:256_H:112_W:112_;PARALLEL;5;200;4.01448;0.0200722;0.00138253;

BatchNorm;N:32_C:256_H:56_W:56_;PARALLEL;5;1000;2.94397;0.00294384;2.97251e-05;

BatchNorm;N:32_C:2048_H:7_W:7_;PARALLEL;5;6000;1.83021;0.000304846;1.88347e-05;


