Name;Descriptor;Mode;Warmup;Iterations;Duration;Mean;StdDev;
BatchNorm;N:32_C:1_H:224_W:224_;PARALLEL;5;10000;2.0961;0.000209476;9.8547e-05;

BatchNorm;N:32_C:64_H:112_W:112_;PARALLEL;5;1000;3.19161;0.00319142;0.00018275;

BatchNorm;N:32_C:256_H:112_W:112_;PARALLEL;5;200;3.88185;0.0194091;0.000788477;

BatchNorm;N:32_C:256_H:56_W:56_;PARALLEL;5;1000;2.86029;0.00286011;0.00023636;

BatchNorm;N:32_C:2048_H:7_W:7_;PARALLEL;5;6000;2.19831;0.000366232;1.46117e-05;


