Name;Descriptor;Mode;Warmup;Iterations;Duration;Mean;StdDev;
BatchNorm;N:32_C:1_H:224_W:224_;PARALLEL;5;10000;2.0859;0.000208463;5.30746e-05;

BatchNorm;N:32_C:64_H:112_W:112_;PARALLEL;5;1000;2.94383;0.00294366;4.8833e-05;

BatchNorm;N:32_C:256_H:112_W:112_;PARALLEL;5;200;4.10672;0.0205335;0.000313647;

BatchNorm;N:32_C:256_H:56_W:56_;PARALLEL;5;1000;3.04904;0.00304891;3.1512e-05;

BatchNorm;N:32_C:2048_H:7_W:7_;PARALLEL;5;6000;2.06931;0.000344768;1.48259e-05;


