Name;Descriptor;Mode;Warmup;Iterations;Duration;Mean;StdDev;
BatchNorm;N:32_C:1_H:224_W:224_;PARALLEL;5;10000;6.52149;0.000652031;0.000108262;

BatchNorm;N:32_C:64_H:112_W:112_;PARALLEL;5;1000;3.39093;0.00339078;0.00064758;

BatchNorm;N:32_C:256_H:112_W:112_;PARALLEL;5;200;4.41444;0.0220721;3.89436e-05;

BatchNorm;N:32_C:256_H:56_W:56_;PARALLEL;5;1000;3.34106;0.0033409;0.000318464;

BatchNorm;N:32_C:2048_H:7_W:7_;PARALLEL;5;6000;1.9919;0.000331861;2.04214e-05;


