Name;Descriptor;Mode;Warmup;Iterations;Duration;Mean;StdDev;
BatchNorm;N:32_C:1_H:224_W:224_;PARALLEL;5;10000;2.77207;0.000277031;5.69505e-05;

BatchNorm;N:32_C:64_H:112_W:112_;PARALLEL;5;1000;4.75914;0.00475905;3.13061e-05;

BatchNorm;N:32_C:256_H:112_W:112_;PARALLEL;5;200;4.5639;0.0228194;5.88759e-05;

BatchNorm;N:32_C:256_H:56_W:56_;PARALLEL;5;1000;4.84571;0.0048456;2.38202e-05;

BatchNorm;N:32_C:2048_H:7_W:7_;PARALLEL;5;6000;3.79834;0.0006329;2.82992e-06;


