Name;Descriptor;Mode;Warmup;Iterations;Duration;Mean;StdDev;
BatchNorm;N:32_C:1_H:224_W:224_;PARALLEL;5;10000;2.06561;0.000206387;5.32517e-05;

BatchNorm;N:32_C:64_H:112_W:112_;PARALLEL;5;1000;3.21933;0.00321919;4.57839e-05;

BatchNorm;N:32_C:256_H:112_W:112_;PARALLEL;5;200;4.64023;0.023201;0.000140083;

BatchNorm;N:32_C:256_H:56_W:56_;PARALLEL;5;1000;3.42742;0.00342728;4.5387e-05;

BatchNorm;N:32_C:2048_H:7_W:7_;PARALLEL;5;6000;2.21434;0.000369004;1.09328e-05;


