Name;Descriptor;Mode;Warmup;Iterations;Duration;Mean;StdDev;
BatchNorm;N:32_C:1_H:224_W:224_;PARALLEL;5;10000;1.79896;0.000179754;4.30276e-05;

BatchNorm;N:32_C:64_H:112_W:112_;PARALLEL;5;1000;3.15562;0.0031555;3.30504e-05;

BatchNorm;N:32_C:256_H:112_W:112_;PARALLEL;5;200;4.54154;0.0227076;4.56024e-05;

BatchNorm;N:32_C:256_H:56_W:56_;PARALLEL;5;1000;3.27811;0.00327799;2.44342e-05;

BatchNorm;N:32_C:2048_H:7_W:7_;PARALLEL;5;6000;2.12451;0.000353954;1.3071e-05;


