Name;Descriptor;Mode;Warmup;Iterations;Duration;Mean;StdDev;
BatchNorm;N:32_C:1_H:224_W:224_;PARALLEL;5;10000;1.81028;0.000180877;4.95416e-05;

BatchNorm;N:32_C:64_H:112_W:112_;PARALLEL;5;1000;3.22902;0.00322892;0.000129465;

BatchNorm;N:32_C:256_H:112_W:112_;PARALLEL;5;200;4.0359;0.0201794;5.03499e-05;

BatchNorm;N:32_C:256_H:56_W:56_;PARALLEL;5;1000;3.34446;0.00334433;3.54079e-05;

BatchNorm;N:32_C:2048_H:7_W:7_;PARALLEL;5;6000;2.23256;0.000371987;1.3139e-05;


