Name;Descriptor;Mode;Warmup;Iterations;Duration;Mean;StdDev;
BatchNorm;N:32_C:1_H:224_W:224_;PARALLEL;5;10000;2.18941;0.000218815;0.000107308;

BatchNorm;N:32_C:64_H:112_W:112_;PARALLEL;5;1000;2.86471;0.00286456;3.87002e-05;

BatchNorm;N:32_C:256_H:112_W:112_;PARALLEL;5;200;4.25336;0.0212666;8.81977e-05;

BatchNorm;N:32_C:256_H:56_W:56_;PARALLEL;5;1000;2.98805;0.00298793;2.87414e-05;

BatchNorm;N:32_C:2048_H:7_W:7_;PARALLEL;5;6000;1.95505;0.00032573;1.57346e-05;


