Name;Descriptor;Mode;Warmup;Iterations;Duration;Mean;StdDev;
BatchNorm;N:32_C:1_H:224_W:224_;PARALLEL;5;10000;1.75789;0.000175744;4.25448e-05;

BatchNorm;N:32_C:64_H:112_W:112_;PARALLEL;5;1000;3.34538;0.00334526;2.36635e-05;

BatchNorm;N:32_C:256_H:112_W:112_;PARALLEL;5;200;4.23986;0.0211992;4.84636e-05;

BatchNorm;N:32_C:256_H:56_W:56_;PARALLEL;5;1000;3.44086;0.00344074;2.72884e-05;

BatchNorm;N:32_C:2048_H:7_W:7_;PARALLEL;5;6000;2.22798;0.000371221;1.37595e-05;


