Name;Descriptor;Mode;Warmup;Iterations;Duration;Mean;StdDev;
BatchNorm;N:32_C:1_H:224_W:224_;PARALLEL;5;10000;2.08095;0.000207952;9.30361e-05;

BatchNorm;N:32_C:64_H:112_W:112_;PARALLEL;5;1000;2.78157;0.00278139;3.41563e-05;

BatchNorm;N:32_C:256_H:112_W:112_;PARALLEL;5;200;4.09743;0.020487;6.79478e-05;

BatchNorm;N:32_C:256_H:56_W:56_;PARALLEL;5;1000;3.28099;0.00328082;3.86841e-05;

BatchNorm;N:32_C:2048_H:7_W:7_;PARALLEL;5;6000;2.11353;0.000352143;1.26733e-05;


