Name;Descriptor;Mode;Warmup;Iterations;Duration;Mean;StdDev;
BatchNorm;N:32_C:1_H:224_W:224_;PARALLEL;5;10000;1.96537;0.000196406;4.25582e-05;

BatchNorm;N:32_C:64_H:112_W:112_;PARALLEL;5;1000;3.10788;0.00310775;7.97206e-05;

BatchNorm;N:32_C:256_H:112_W:112_;PARALLEL;5;200;4.30017;0.0215007;2.46827e-05;

BatchNorm;N:32_C:256_H:56_W:56_;PARALLEL;5;1000;3.11264;0.00311248;3.33855e-05;

BatchNorm;N:32_C:2048_H:7_W:7_;PARALLEL;5;6000;2.05288;0.000341932;1.50438e-05;


