Name;Descriptor;Mode;Warmup;Iterations;Duration;Mean;StdDev;
BatchNorm;N:32_C:1_H:224_W:224_;PARALLEL;5;10000;3.97716;0.000397546;1.89242e-05;

BatchNorm;N:32_C:64_H:112_W:112_;PARALLEL;5;1000;6.40265;0.00640252;5.34857e-05;

BatchNorm;N:32_C:256_H:112_W:112_;PARALLEL;5;200;5.68615;0.0284306;0.000122336;

BatchNorm;N:32_C:256_H:56_W:56_;PARALLEL;5;1000;6.59234;0.00659223;5.86319e-05;

BatchNorm;N:32_C:2048_H:7_W:7_;PARALLEL;5;6000;5.69743;0.000949412;2.18611e-05;


