Name;Descriptor;Mode;Warmup;Iterations;Duration;Mean;StdDev;
BatchNorm;N:32_C:1_H:224_W:224_;PARALLEL;5;10000;2.68642;0.000268559;9.34769e-06;

BatchNorm;N:32_C:64_H:112_W:112_;PARALLEL;5;1000;5.45497;0.00545485;2.84256e-05;

BatchNorm;N:32_C:256_H:112_W:112_;PARALLEL;5;200;5.12919;0.0256458;5.04724e-05;

BatchNorm;N:32_C:256_H:56_W:56_;PARALLEL;5;1000;5.56811;0.00556801;3.11427e-05;

BatchNorm;N:32_C:2048_H:7_W:7_;PARALLEL;5;6000;4.56499;0.000760732;2.59836e-06;


