Name;Descriptor;Mode;Warmup;Iterations;Duration;Mean;StdDev;
BatchNorm;N:32_C:1_H:224_W:224_;PARALLEL;5;10000;5.74181;0.000574075;0.000134779;

BatchNorm;N:32_C:64_H:112_W:112_;PARALLEL;5;1000;3.05192;0.00305172;0.000649981;

BatchNorm;N:32_C:256_H:112_W:112_;PARALLEL;5;200;4.45627;0.0222812;0.000452759;

BatchNorm;N:32_C:256_H:56_W:56_;PARALLEL;5;1000;3.14879;0.00314859;0.000239205;

BatchNorm;N:32_C:2048_H:7_W:7_;PARALLEL;5;6000;1.87354;0.000312054;2.21539e-05;


