Name;Descriptor;Mode;Warmup;Iterations;Duration;Mean;StdDev;
BatchNorm;N:32_C:1_H:224_W:224_;PARALLEL;5;10000;8.53211;0.000853116;2.34184e-05;

BatchNorm;N:32_C:64_H:112_W:112_;PARALLEL;5;1000;14.5034;0.0145032;0.000605017;

BatchNorm;N:32_C:256_H:112_W:112_;PARALLEL;5;200;11.3704;0.0568519;0.000374666;

BatchNorm;N:32_C:256_H:56_W:56_;PARALLEL;5;1000;14.624;0.0146238;3.49794e-05;

BatchNorm;N:32_C:2048_H:7_W:7_;PARALLEL;5;6000;21.167;0.00352763;0.000213398;


