Name;Descriptor;Mode;Warmup;Iterations;Duration;Mean;StdDev;
BatchNorm;N:32_C:1_H:224_W:224_;PARALLEL;5;10000;10.1567;0.00101563;1.63024e-05;

BatchNorm;N:32_C:64_H:112_W:112_;PARALLEL;5;1000;16.4049;0.0164047;4.877e-05;

BatchNorm;N:32_C:256_H:112_W:112_;PARALLEL;5;200;13.2089;0.0660443;0.00616658;

BatchNorm;N:32_C:256_H:56_W:56_;PARALLEL;5;1000;16.6901;0.0166899;0.000245259;

BatchNorm;N:32_C:2048_H:7_W:7_;PARALLEL;5;6000;24.6501;0.00410813;0.000333584;


