Name;Descriptor;Mode;Warmup;Iterations;Duration;Mean;StdDev;
BatchNorm;N:32_C:1_H:224_W:224_;PARALLEL;5;10000;12.5685;0.00125681;0.000155843;

BatchNorm;N:32_C:64_H:112_W:112_;PARALLEL;5;1000;19.2413;0.0192411;4.71209e-05;

BatchNorm;N:32_C:256_H:112_W:112_;PARALLEL;5;200;15.2515;0.0762571;0.000305842;

BatchNorm;N:32_C:256_H:56_W:56_;PARALLEL;5;1000;19.6488;0.0196485;0.000686128;

BatchNorm;N:32_C:2048_H:7_W:7_;PARALLEL;5;6000;29.1132;0.00485195;3.35625e-05;


