Name;Descriptor;Mode;Warmup;Iterations;Duration;Mean;StdDev;
BatchNorm;N:32_C:1_H:224_W:224_;PARALLEL;5;10000;9.68342;0.000968286;1.90383e-05;

BatchNorm;N:32_C:64_H:112_W:112_;PARALLEL;5;1000;16.4798;0.0164796;1.81402e-05;

BatchNorm;N:32_C:256_H:112_W:112_;PARALLEL;5;200;13.3116;0.0665577;4.5084e-05;

BatchNorm;N:32_C:256_H:56_W:56_;PARALLEL;5;1000;16.71;0.0167098;7.85344e-05;

BatchNorm;N:32_C:2048_H:7_W:7_;PARALLEL;5;6000;21.244;0.00354045;1.84269e-05;


