Name;Descriptor;Mode;Warmup;Iterations;Duration;Mean;StdDev;
BatchNorm;N:32_C:1_H:224_W:224_;PARALLEL;5;10000;9.61339;0.000961299;1.42834e-05;

BatchNorm;N:32_C:64_H:112_W:112_;PARALLEL;5;1000;17.8751;0.0178748;1.36402e-05;

BatchNorm;N:32_C:256_H:112_W:112_;PARALLEL;5;200;14.4239;0.0721193;4.20838e-05;

BatchNorm;N:32_C:256_H:56_W:56_;PARALLEL;5;1000;18.1998;0.0181996;2.88985e-05;

BatchNorm;N:32_C:2048_H:7_W:7_;PARALLEL;5;6000;23.6007;0.00393321;2.05226e-05;


