Name;Descriptor;Mode;Warmup;Iterations;Duration;Mean;StdDev;
BatchNorm;N:32_C:1_H:224_W:224_;PARALLEL;5;10000;27.1155;0.00271148;0.000167228;

BatchNorm;N:32_C:64_H:112_W:112_;PARALLEL;5;1000;45.8176;0.0458175;0.000722546;

BatchNorm;N:32_C:256_H:112_W:112_;PARALLEL;5;200;36.3115;0.181558;0.00286311;

BatchNorm;N:32_C:256_H:56_W:56_;PARALLEL;5;1000;47.0851;0.0470849;0.0026186;

BatchNorm;N:32_C:2048_H:7_W:7_;PARALLEL;5;6000;71.8772;0.0119793;0.000815034;


