Name;Descriptor;Mode;Warmup;Iterations;Duration;Mean;StdDev;
BatchNorm;N:32_C:1_H:224_W:224_;PARALLEL;5;10000;6.50542;0.000650491;6.59411e-05;

BatchNorm;N:32_C:64_H:112_W:112_;PARALLEL;5;1000;12.3081;0.0123079;0.000545925;

BatchNorm;N:32_C:256_H:112_W:112_;PARALLEL;5;200;9.86056;0.0493026;0.000903125;

BatchNorm;N:32_C:256_H:56_W:56_;PARALLEL;5;1000;12.591;0.0125908;0.000494423;

BatchNorm;N:32_C:2048_H:7_W:7_;PARALLEL;5;6000;15.5338;0.00258871;0.000207999;


