Name;Descriptor;Mode;Warmup;Iterations;Duration;Mean;StdDev;
BatchNorm;N:32_C:1_H:224_W:224_;PARALLEL;5;10000;9.00548;0.000900493;9.53121e-06;

BatchNorm;N:32_C:64_H:112_W:112_;PARALLEL;5;1000;13.044;0.0130437;9.2202e-05;

BatchNorm;N:32_C:256_H:112_W:112_;PARALLEL;5;200;10.3217;0.0516084;6.18098e-05;

BatchNorm;N:32_C:256_H:56_W:56_;PARALLEL;5;1000;13.0127;0.0130124;3.60878e-05;

BatchNorm;N:32_C:2048_H:7_W:7_;PARALLEL;5;6000;16.5278;0.00275427;2.64502e-05;


