Name;Descriptor;Mode;Warmup;Iterations;Duration;Mean;StdDev;
BatchNorm;N:32_C:1_H:224_W:224_;PARALLEL;5;10000;16.7344;0.00167334;3.31824e-05;

BatchNorm;N:32_C:64_H:112_W:112_;PARALLEL;5;1000;29.8103;0.0298101;0.000154509;

BatchNorm;N:32_C:256_H:112_W:112_;PARALLEL;5;200;23.929;0.119645;0.000283584;

BatchNorm;N:32_C:256_H:56_W:56_;PARALLEL;5;1000;31.1341;0.0311339;0.000124088;

BatchNorm;N:32_C:2048_H:7_W:7_;PARALLEL;5;6000;40.2677;0.00671114;6.52341e-05;


