Name;Descriptor;Mode;Warmup;Iterations;Duration;Mean;StdDev;
BatchNorm;N:32_C:1_H:224_W:224_;PARALLEL;5;10000;8.1354;0.000813483;4.47033e-05;

BatchNorm;N:32_C:64_H:112_W:112_;PARALLEL;5;1000;15.3241;0.0153238;2.77691e-05;

BatchNorm;N:32_C:256_H:112_W:112_;PARALLEL;5;200;12.4367;0.0621834;3.67512e-05;

BatchNorm;N:32_C:256_H:56_W:56_;PARALLEL;5;1000;15.8955;0.0158953;1.08185e-05;

BatchNorm;N:32_C:2048_H:7_W:7_;PARALLEL;5;6000;18.972;0.00316187;1.4135e-05;


