Name;Descriptor;Mode;Warmup;Iterations;Duration;Mean;StdDev;
BatchNorm;N:32_C:1_H:224_W:224_;PARALLEL;5;10000;2.55505;0.000255467;2.42546e-05;

BatchNorm;N:32_C:64_H:112_W:112_;PARALLEL;5;1000;7.37757;0.00737736;1.20228e-05;

BatchNorm;N:32_C:256_H:112_W:112_;PARALLEL;5;200;6.14936;0.0307466;1.6766e-05;

BatchNorm;N:32_C:256_H:56_W:56_;PARALLEL;5;1000;7.82487;0.00782466;9.88809e-06;

BatchNorm;N:32_C:2048_H:7_W:7_;PARALLEL;5;6000;5.93383;0.000988845;1.55753e-05;


