Name;Descriptor;Mode;Warmup;Iterations;Duration;Mean;StdDev;
BatchNorm;N:32_C:1_H:224_W:224_;PARALLEL;5;10000;6.95751;0.0006957;5.10789e-05;

BatchNorm;N:32_C:64_H:112_W:112_;PARALLEL;5;1000;13.3746;0.0133744;1.64114e-05;

BatchNorm;N:32_C:256_H:112_W:112_;PARALLEL;5;200;10.8564;0.0542819;3.47958e-05;

BatchNorm;N:32_C:256_H:56_W:56_;PARALLEL;5;1000;13.8609;0.0138607;1.90065e-05;

BatchNorm;N:32_C:2048_H:7_W:7_;PARALLEL;5;6000;15.8863;0.00264754;1.84471e-05;


