Name;Descriptor;Mode;Warmup;Iterations;Duration;Mean;StdDev;
BatchNorm;N:32_C:1_H:224_W:224_;PARALLEL;5;10000;4.57928;0.000457873;2.65575e-05;

BatchNorm;N:32_C:64_H:112_W:112_;PARALLEL;5;1000;10.1551;0.0101548;4.39311e-05;

BatchNorm;N:32_C:256_H:112_W:112_;PARALLEL;5;200;8.29467;0.0414731;3.05396e-05;

BatchNorm;N:32_C:256_H:56_W:56_;PARALLEL;5;1000;10.5185;0.0105183;1.11207e-05;

BatchNorm;N:32_C:2048_H:7_W:7_;PARALLEL;5;6000;10.4602;0.0017432;1.53669e-05;


