Name;Descriptor;Mode;Warmup;Iterations;Duration;Mean;StdDev;
BatchNorm;N:32_C:1_H:224_W:224_;PARALLEL;5;10000;5.0117;0.000501123;3.14318e-05;

BatchNorm;N:32_C:64_H:112_W:112_;PARALLEL;5;1000;7.32327;0.00732311;1.42092e-05;

BatchNorm;N:32_C:256_H:112_W:112_;PARALLEL;5;200;6.11705;0.0305851;2.35433e-05;

BatchNorm;N:32_C:256_H:56_W:56_;PARALLEL;5;1000;7.87016;0.00786994;1.65915e-05;

BatchNorm;N:32_C:2048_H:7_W:7_;PARALLEL;5;6000;7.1332;0.00118875;6.8785e-05;


