Name;Descriptor;Mode;Warmup;Iterations;Duration;Mean;StdDev;
BatchNorm;N:32_C:1_H:224_W:224_;PARALLEL;5;10000;4.7925;0.000479208;2.81967e-05;

BatchNorm;N:32_C:64_H:112_W:112_;PARALLEL;5;1000;7.60564;0.00760548;1.44536e-05;

BatchNorm;N:32_C:256_H:112_W:112_;PARALLEL;5;200;6.29153;0.0314575;2.68209e-05;

BatchNorm;N:32_C:256_H:56_W:56_;PARALLEL;5;1000;8.13608;0.00813591;1.88875e-05;

BatchNorm;N:32_C:2048_H:7_W:7_;PARALLEL;5;6000;7.92063;0.00131999;7.85355e-06;


