Name;Descriptor;Mode;Warmup;Iterations;Duration;Mean;StdDev;
BatchNorm;N:32_C:1_H:224_W:224_;PARALLEL;5;10000;15.8585;0.0015858;6.92464e-05;

BatchNorm;N:32_C:64_H:112_W:112_;PARALLEL;5;1000;27.0634;0.0270632;7.92709e-05;

BatchNorm;N:32_C:256_H:112_W:112_;PARALLEL;5;200;21.8245;0.109122;0.000219918;

BatchNorm;N:32_C:256_H:56_W:56_;PARALLEL;5;1000;28.5931;0.0285929;0.000123244;

BatchNorm;N:32_C:2048_H:7_W:7_;PARALLEL;5;6000;36.4458;0.00607411;2.48753e-05;


