Name;Descriptor;Mode;Warmup;Iterations;Duration;Mean;StdDev;
BatchNorm;N:32_C:1_H:224_W:224_;PARALLEL;5;10000;10.3623;0.00103617;2.55739e-05;

BatchNorm;N:32_C:64_H:112_W:112_;PARALLEL;5;1000;16.7842;0.016784;2.23397e-05;

BatchNorm;N:32_C:256_H:112_W:112_;PARALLEL;5;200;13.5364;0.0676816;7.33474e-05;

BatchNorm;N:32_C:256_H:56_W:56_;PARALLEL;5;1000;17.7225;0.0177223;1.99765e-05;

BatchNorm;N:32_C:2048_H:7_W:7_;PARALLEL;5;6000;22.3864;0.00373084;1.53146e-05;


