Name;Descriptor;Mode;Warmup;Iterations;Duration;Mean;StdDev;
BatchNorm;N:32_C:1_H:224_W:224_;PARALLEL;5;10000;5.01272;0.000501231;2.70637e-05;

BatchNorm;N:32_C:64_H:112_W:112_;PARALLEL;5;1000;7.35241;0.00735225;1.71982e-05;

BatchNorm;N:32_C:256_H:112_W:112_;PARALLEL;5;200;6.12969;0.0306483;2.21391e-05;

BatchNorm;N:32_C:256_H:56_W:56_;PARALLEL;5;1000;7.90283;0.00790266;1.43343e-05;

BatchNorm;N:32_C:2048_H:7_W:7_;PARALLEL;5;6000;7.26504;0.00121066;9.40583e-06;


