Name;Descriptor;Mode;Warmup;Iterations;Duration;Mean;StdDev;
BatchNorm;N:32_C:1_H:224_W:224_;PARALLEL;5;10000;5.95131;0.000595085;5.09008e-05;

BatchNorm;N:32_C:64_H:112_W:112_;PARALLEL;5;1000;10.8811;0.0108809;1.44843e-05;

BatchNorm;N:32_C:256_H:112_W:112_;PARALLEL;5;200;8.78641;0.0439318;4.13689e-05;

BatchNorm;N:32_C:256_H:56_W:56_;PARALLEL;5;1000;11.4912;0.0114909;1.27343e-05;

BatchNorm;N:32_C:2048_H:7_W:7_;PARALLEL;5;6000;14.2663;0.00237759;6.04776e-06;


