Name;Descriptor;Mode;Warmup;Iterations;Duration;Mean;StdDev;
BatchNorm;N:32_C:1_H:224_W:224_;PARALLEL;5;10000;5.00277;0.000500231;3.09798e-05;

BatchNorm;N:32_C:64_H:112_W:112_;PARALLEL;5;1000;9.94345;0.00994331;1.04615e-05;

BatchNorm;N:32_C:256_H:112_W:112_;PARALLEL;5;200;8.08127;0.0404062;2.70893e-05;

BatchNorm;N:32_C:256_H:56_W:56_;PARALLEL;5;1000;10.6269;0.0106267;1.11104e-05;

BatchNorm;N:32_C:2048_H:7_W:7_;PARALLEL;5;6000;10.9713;0.0018285;5.70819e-06;


