Name;Descriptor;Mode;Warmup;Iterations;Duration;Mean;StdDev;
BatchNorm;N:32_C:1_H:224_W:224_;PARALLEL;5;10000;5.41409;0.000541363;2.4286e-05;

BatchNorm;N:32_C:64_H:112_W:112_;PARALLEL;5;1000;7.82043;0.00782031;2.45556e-05;

BatchNorm;N:32_C:256_H:112_W:112_;PARALLEL;5;200;6.45721;0.0322859;2.97001e-05;

BatchNorm;N:32_C:256_H:56_W:56_;PARALLEL;5;1000;8.3418;0.00834166;2.4294e-05;

BatchNorm;N:32_C:2048_H:7_W:7_;PARALLEL;5;6000;8.29334;0.00138217;7.48636e-06;


