Name;Descriptor;Mode;Warmup;Iterations;Duration;Mean;StdDev;
BatchNorm;N:32_C:1_H:224_W:224_;PARALLEL;5;10000;1.47278;0.000147233;2.87155e-05;

BatchNorm;N:32_C:64_H:112_W:112_;PARALLEL;5;1000;7.11148;0.0071113;0.000101133;

BatchNorm;N:32_C:256_H:112_W:112_;PARALLEL;5;200;6.16114;0.0308055;0.000167207;

BatchNorm;N:32_C:256_H:56_W:56_;PARALLEL;5;1000;8.0453;0.00804512;0.000240414;

BatchNorm;N:32_C:2048_H:7_W:7_;PARALLEL;5;6000;4.26905;0.000711449;3.2884e-05;


