Name;Descriptor;Mode;Warmup;Iterations;Duration;Mean;StdDev;
BatchNorm;N:32_C:1_H:224_W:224_;PARALLEL;5;10000;13.072;0.00130714;2.95767e-05;

BatchNorm;N:32_C:64_H:112_W:112_;PARALLEL;5;1000;24.8569;0.0248568;6.49878e-05;

BatchNorm;N:32_C:256_H:112_W:112_;PARALLEL;5;200;20.1087;0.100543;0.000171013;

BatchNorm;N:32_C:256_H:56_W:56_;PARALLEL;5;1000;25.676;0.0256758;7.18517e-05;

BatchNorm;N:32_C:2048_H:7_W:7_;PARALLEL;5;6000;27.9058;0.00465079;5.04448e-05;


