Name;Descriptor;Mode;Warmup;Iterations;Duration;Mean;StdDev;
BatchNorm;N:32_C:1_H:224_W:224_;PARALLEL;5;10000;2.57749;0.000257698;2.04123e-05;

BatchNorm;N:32_C:64_H:112_W:112_;PARALLEL;5;1000;8.5508;0.00855063;1.90985e-05;

BatchNorm;N:32_C:256_H:112_W:112_;PARALLEL;5;200;7.10709;0.0355353;2.20084e-05;

BatchNorm;N:32_C:256_H:56_W:56_;PARALLEL;5;1000;8.95605;0.00895589;3.26562e-05;

BatchNorm;N:32_C:2048_H:7_W:7_;PARALLEL;5;6000;7.66744;0.00127785;6.23939e-06;


