Name;Descriptor;Mode;Warmup;Iterations;Duration;Mean;StdDev;
BatchNorm;N:32_C:1_H:224_W:224_;PARALLEL;5;10000;2.74595;0.000274534;1.87024e-05;

BatchNorm;N:32_C:64_H:112_W:112_;PARALLEL;5;1000;7.07407;0.00707389;3.87456e-05;

BatchNorm;N:32_C:256_H:112_W:112_;PARALLEL;5;200;6.11778;0.0305887;3.98062e-05;

BatchNorm;N:32_C:256_H:56_W:56_;PARALLEL;5;1000;7.62569;0.00762553;0.000128126;

BatchNorm;N:32_C:2048_H:7_W:7_;PARALLEL;5;6000;4.36507;0.000727447;1.36645e-05;


