Name;Descriptor;Mode;Warmup;Iterations;Duration;Mean;StdDev;
BatchNorm;N:32_C:1_H:224_W:224_;PARALLEL;5;10000;18.933;0.00189325;9.84272e-05;

BatchNorm;N:32_C:64_H:112_W:112_;PARALLEL;5;1000;36.4975;0.0364974;0.000152344;

BatchNorm;N:32_C:256_H:112_W:112_;PARALLEL;5;200;29.5752;0.147876;0.000281855;

BatchNorm;N:32_C:256_H:56_W:56_;PARALLEL;5;1000;37.74;0.0377398;0.000172471;

BatchNorm;N:32_C:2048_H:7_W:7_;PARALLEL;5;6000;41.2118;0.00686844;9.89766e-05;


