Name;Descriptor;Mode;Warmup;Iterations;Duration;Mean;StdDev;
BatchNorm;N:32_C:1_H:224_W:224_;PARALLEL;5;10000;2.57711;0.000257662;1.91486e-05;

BatchNorm;N:32_C:64_H:112_W:112_;PARALLEL;5;1000;7.66184;0.00766171;2.61868e-05;

BatchNorm;N:32_C:256_H:112_W:112_;PARALLEL;5;200;6.41815;0.0320906;3.36175e-05;

BatchNorm;N:32_C:256_H:56_W:56_;PARALLEL;5;1000;8.05553;0.00805536;1.39022e-05;

BatchNorm;N:32_C:2048_H:7_W:7_;PARALLEL;5;6000;6.64225;0.00110699;1.30983e-05;


