Name;Descriptor;Mode;Warmup;Iterations;Duration;Mean;StdDev;
BatchNorm;N:32_C:1_H:224_W:224_;PARALLEL;5;10000;3.80965;0.000380919;2.14224e-05;

BatchNorm;N:32_C:64_H:112_W:112_;PARALLEL;5;1000;9.43936;0.00943921;8.07284e-05;

BatchNorm;N:32_C:256_H:112_W:112_;PARALLEL;5;200;7.77744;0.0388871;0.000102933;

BatchNorm;N:32_C:256_H:56_W:56_;PARALLEL;5;1000;9.75718;0.00975702;0.000327071;

BatchNorm;N:32_C:2048_H:7_W:7_;PARALLEL;5;6000;7.2649;0.00121075;0.000100951;


