Name;Descriptor;Mode;Warmup;Iterations;Duration;Mean;StdDev;
BatchNorm;N:32_C:1_H:224_W:224_;PARALLEL;5;10000;2.58705;0.000258654;2.33372e-05;

BatchNorm;N:32_C:64_H:112_W:112_;PARALLEL;5;1000;7.2681;0.00726793;2.53413e-05;

BatchNorm;N:32_C:256_H:112_W:112_;PARALLEL;5;200;6.13788;0.0306893;4.61108e-05;

BatchNorm;N:32_C:256_H:56_W:56_;PARALLEL;5;1000;7.86037;0.0078602;3.6063e-05;

BatchNorm;N:32_C:2048_H:7_W:7_;PARALLEL;5;6000;5.67869;0.000946385;8.68919e-06;


