Name;Descriptor;Mode;Warmup;Iterations;Duration;Mean;StdDev;
BatchNorm;N:32_C:1_H:224_W:224_;PARALLEL;5;10000;2.58144;0.000258084;2.10379e-05;

BatchNorm;N:32_C:64_H:112_W:112_;PARALLEL;5;1000;7.07068;0.00707054;3.14144e-05;

BatchNorm;N:32_C:256_H:112_W:112_;PARALLEL;5;200;6.03814;0.0301905;4.05136e-05;

BatchNorm;N:32_C:256_H:56_W:56_;PARALLEL;5;1000;7.70129;0.00770112;2.2336e-05;

BatchNorm;N:32_C:2048_H:7_W:7_;PARALLEL;5;6000;4.99242;0.000832019;9.19725e-06;


