Name;Descriptor;Mode;Warmup;Iterations;Duration;Mean;StdDev;
BatchNorm;N:32_C:1_H:224_W:224_;PARALLEL;5;10000;9.63709;0.000963658;4.94005e-05;

BatchNorm;N:32_C:64_H:112_W:112_;PARALLEL;5;1000;19.4254;0.0194252;8.69049e-05;

BatchNorm;N:32_C:256_H:112_W:112_;PARALLEL;5;200;15.7331;0.0786654;0.00010362;

BatchNorm;N:32_C:256_H:56_W:56_;PARALLEL;5;1000;19.9859;0.0199857;8.52086e-05;

BatchNorm;N:32_C:2048_H:7_W:7_;PARALLEL;5;6000;20.9221;0.00348689;3.70287e-05;


