Name;Descriptor;Mode;Warmup;Iterations;Duration;Mean;StdDev;
BatchNorm;N:32_C:1_H:224_W:224_;PARALLEL;5;10000;3.7892;0.000378873;2.57399e-05;

BatchNorm;N:32_C:64_H:112_W:112_;PARALLEL;5;1000;9.88314;0.00988298;8.15145e-05;

BatchNorm;N:32_C:256_H:112_W:112_;PARALLEL;5;200;8.11135;0.0405567;0.000734095;

BatchNorm;N:32_C:256_H:56_W:56_;PARALLEL;5;1000;10.1654;0.0101653;0.000299885;

BatchNorm;N:32_C:2048_H:7_W:7_;PARALLEL;5;6000;7.74314;0.00129046;3.80443e-05;


