Name;Descriptor;Mode;Warmup;Iterations;Duration;Mean;StdDev;
BatchNorm;N:32_C:1_H:224_W:224_;PARALLEL;5;10000;3.85262;0.000385203;4.27369e-05;

BatchNorm;N:32_C:64_H:112_W:112_;PARALLEL;5;1000;8.6372;0.00863705;0.000360405;

BatchNorm;N:32_C:256_H:112_W:112_;PARALLEL;5;200;7.09569;0.0354783;0.000629885;

BatchNorm;N:32_C:256_H:56_W:56_;PARALLEL;5;1000;8.9511;0.00895093;0.000441449;

BatchNorm;N:32_C:2048_H:7_W:7_;PARALLEL;5;6000;5.91809;0.000986297;0.000140092;


