Name;Descriptor;Mode;Warmup;Iterations;Duration;Mean;StdDev;
BatchNorm;N:32_C:1_H:224_W:224_;PARALLEL;5;10000;3.81797;0.000381747;2.60888e-05;

BatchNorm;N:32_C:64_H:112_W:112_;PARALLEL;5;1000;9.1024;0.00910221;0.000320729;

BatchNorm;N:32_C:256_H:112_W:112_;PARALLEL;5;200;7.5488;0.0377438;0.00100455;

BatchNorm;N:32_C:256_H:56_W:56_;PARALLEL;5;1000;9.47966;0.00947948;0.000380908;

BatchNorm;N:32_C:2048_H:7_W:7_;PARALLEL;5;6000;6.71442;0.001119;8.92469e-05;


