Name;Descriptor;Mode;Warmup;Iterations;Duration;Mean;StdDev;
BatchNorm;N:32_C:1_H:224_W:224_;PARALLEL;5;10000;2.74545;0.000274503;1.92915e-05;

BatchNorm;N:32_C:64_H:112_W:112_;PARALLEL;5;1000;7.06438;0.00706424;2.80701e-05;

BatchNorm;N:32_C:256_H:112_W:112_;PARALLEL;5;200;6.08153;0.0304075;5.38764e-05;

BatchNorm;N:32_C:256_H:56_W:56_;PARALLEL;5;1000;7.54496;0.00754479;6.26606e-05;

BatchNorm;N:32_C:2048_H:7_W:7_;PARALLEL;5;6000;4.47725;0.000746107;1.03944e-05;


