Name;Descriptor;Mode;Warmup;Iterations;Duration;Mean;StdDev;
BatchNorm;N:32_C:1_H:224_W:224_;PARALLEL;5;10000;2.57562;0.000257532;2.03408e-05;

BatchNorm;N:32_C:64_H:112_W:112_;PARALLEL;5;1000;7.52693;0.00752676;0.000152165;

BatchNorm;N:32_C:256_H:112_W:112_;PARALLEL;5;200;6.30863;0.031543;2.8165e-05;

BatchNorm;N:32_C:256_H:56_W:56_;PARALLEL;5;1000;7.94437;0.0079442;2.99165e-05;

BatchNorm;N:32_C:2048_H:7_W:7_;PARALLEL;5;6000;6.10271;0.00101708;9.85858e-06;


