Name;Descriptor;Mode;Warmup;Iterations;Duration;Mean;StdDev;
BatchNorm;N:32_C:1_H:224_W:224_;PARALLEL;5;10000;2.74125;0.000274074;1.29584e-05;

BatchNorm;N:32_C:64_H:112_W:112_;PARALLEL;5;1000;7.06323;0.00706301;3.50254e-05;

BatchNorm;N:32_C:256_H:112_W:112_;PARALLEL;5;200;6.06241;0.0303119;0.000108847;

BatchNorm;N:32_C:256_H:56_W:56_;PARALLEL;5;1000;7.65664;0.00765642;0.000134265;

BatchNorm;N:32_C:2048_H:7_W:7_;PARALLEL;5;6000;4.67566;0.000779229;7.60911e-06;


