Name;Descriptor;Mode;Warmup;Iterations;Duration;Mean;StdDev;
BatchNorm;N:32_C:1_H:224_W:224_;PARALLEL;5;10000;5.02215;0.000502157;2.85158e-05;

BatchNorm;N:32_C:64_H:112_W:112_;PARALLEL;5;1000;10.3807;0.0103806;8.43049e-05;

BatchNorm;N:32_C:256_H:112_W:112_;PARALLEL;5;200;8.51971;0.0425984;0.000142198;

BatchNorm;N:32_C:256_H:56_W:56_;PARALLEL;5;1000;10.7064;0.0107062;7.95214e-05;

BatchNorm;N:32_C:2048_H:7_W:7_;PARALLEL;5;6000;8.50487;0.00141743;4.39391e-05;


