Name;Descriptor;Mode;Warmup;Iterations;Duration;Mean;StdDev;
BatchNorm;N:32_C:1_H:224_W:224_;PARALLEL;5;10000;3.84289;0.000384246;3.00568e-05;

BatchNorm;N:32_C:64_H:112_W:112_;PARALLEL;5;1000;8.71044;0.00871025;0.000124819;

BatchNorm;N:32_C:256_H:112_W:112_;PARALLEL;5;200;7.20273;0.0360135;9.92656e-05;

BatchNorm;N:32_C:256_H:56_W:56_;PARALLEL;5;1000;9.0055;0.00900531;8.64951e-05;

BatchNorm;N:32_C:2048_H:7_W:7_;PARALLEL;5;6000;6.97828;0.00116299;3.59035e-05;


