Name;Descriptor;Mode;Warmup;Iterations;Duration;Mean;StdDev;
BatchNorm;N:32_C:1_H:224_W:224_;PARALLEL;5;10000;2.73645;0.000273584;1.12323e-05;

BatchNorm;N:32_C:64_H:112_W:112_;PARALLEL;5;1000;7.04989;0.00704967;3.10088e-05;

BatchNorm;N:32_C:256_H:112_W:112_;PARALLEL;5;200;6.03536;0.0301766;4.38469e-05;

BatchNorm;N:32_C:256_H:56_W:56_;PARALLEL;5;1000;7.53364;0.0075334;3.12672e-05;

BatchNorm;N:32_C:2048_H:7_W:7_;PARALLEL;5;6000;4.73903;0.000789772;3.27052e-05;


