Name;Descriptor;Mode;Warmup;Iterations;Duration;Mean;StdDev;
BatchNorm;N:32_C:1_H:224_W:224_;PARALLEL;5;10000;3.68132;0.000368089;4.0947e-05;

BatchNorm;N:32_C:64_H:112_W:112_;PARALLEL;5;1000;9.53201;0.00953187;0.000134095;

BatchNorm;N:32_C:256_H:112_W:112_;PARALLEL;5;200;7.85156;0.0392577;0.000273587;

BatchNorm;N:32_C:256_H:56_W:56_;PARALLEL;5;1000;9.99902;0.00999886;0.000192368;

BatchNorm;N:32_C:2048_H:7_W:7_;PARALLEL;5;6000;8.83395;0.00147221;5.33685e-05;


