Name;Descriptor;Mode;Warmup;Iterations;Duration;Mean;StdDev;
BatchNorm;N:32_C:1_H:224_W:224_;PARALLEL;5;10000;6.00833;0.000600789;2.69229e-05;

BatchNorm;N:32_C:64_H:112_W:112_;PARALLEL;5;1000;12.558;0.0125578;0.000103632;

BatchNorm;N:32_C:256_H:112_W:112_;PARALLEL;5;200;10.2578;0.0512887;0.00014596;

BatchNorm;N:32_C:256_H:56_W:56_;PARALLEL;5;1000;13.0205;0.0130203;0.000104574;

BatchNorm;N:32_C:2048_H:7_W:7_;PARALLEL;5;6000;13.7267;0.00228768;3.46302e-05;


