Name;Descriptor;Mode;Warmup;Iterations;Duration;Mean;StdDev;
BatchNorm;N:32_C:1_H:224_W:224_;PARALLEL;5;10000;9.66591;0.000966546;6.29954e-05;

BatchNorm;N:32_C:64_H:112_W:112_;PARALLEL;5;1000;19.2188;0.0192187;0.000102365;

BatchNorm;N:32_C:256_H:112_W:112_;PARALLEL;5;200;15.6342;0.0781711;0.000138099;

BatchNorm;N:32_C:256_H:56_W:56_;PARALLEL;5;1000;19.8954;0.0198953;9.89606e-05;

BatchNorm;N:32_C:2048_H:7_W:7_;PARALLEL;5;6000;23.9965;0.00399922;7.86021e-05;


