Name;Descriptor;Mode;Warmup;Iterations;Duration;Mean;StdDev;
BatchNorm;N:32_C:1_H:224_W:224_;PARALLEL;5;10000;4.82874;0.000482829;4.63139e-05;

BatchNorm;N:32_C:64_H:112_W:112_;PARALLEL;5;1000;10.6392;0.0106389;9.49223e-05;

BatchNorm;N:32_C:256_H:112_W:112_;PARALLEL;5;200;8.72247;0.0436121;0.000194351;

BatchNorm;N:32_C:256_H:56_W:56_;PARALLEL;5;1000;10.956;0.0109558;7.96154e-05;

BatchNorm;N:32_C:2048_H:7_W:7_;PARALLEL;5;6000;10.492;0.00174855;3.13809e-05;


