Name;Descriptor;Mode;Warmup;Iterations;Duration;Mean;StdDev;
BatchNorm;N:32_C:1_H:224_W:224_;PARALLEL;5;10000;2.72427;0.00027236;8.37873e-06;

BatchNorm;N:32_C:64_H:112_W:112_;PARALLEL;5;1000;7.05854;0.00705834;4.49918e-05;

BatchNorm;N:32_C:256_H:112_W:112_;PARALLEL;5;200;6.09017;0.0304507;7.33593e-05;

BatchNorm;N:32_C:256_H:56_W:56_;PARALLEL;5;1000;7.5356;0.0075354;5.57209e-05;

BatchNorm;N:32_C:2048_H:7_W:7_;PARALLEL;5;6000;4.39791;0.000732935;3.04201e-05;


