Name;Descriptor;Mode;Warmup;Iterations;Duration;Mean;StdDev;
BatchNorm;N:32_C:1_H:224_W:224_;PARALLEL;5;10000;2.75596;0.000275568;2.34806e-05;

BatchNorm;N:32_C:64_H:112_W:112_;PARALLEL;5;1000;7.83246;0.00783228;1.56724e-05;

BatchNorm;N:32_C:256_H:112_W:112_;PARALLEL;5;200;6.52526;0.0326261;3.34212e-05;

BatchNorm;N:32_C:256_H:56_W:56_;PARALLEL;5;1000;8.21737;0.00821721;2.30505e-05;

BatchNorm;N:32_C:2048_H:7_W:7_;PARALLEL;5;6000;6.45554;0.00107587;2.0007e-05;


