Name;Descriptor;Mode;Warmup;Iterations;Duration;Mean;StdDev;
BatchNorm;N:32_C:1_H:224_W:224_;PARALLEL;5;10000;2.60368;0.000260327;1.42461e-05;

BatchNorm;N:32_C:64_H:112_W:112_;PARALLEL;5;1000;7.10292;0.00710268;3.67817e-05;

BatchNorm;N:32_C:256_H:112_W:112_;PARALLEL;5;200;6.03826;0.0301911;5.09674e-05;

BatchNorm;N:32_C:256_H:56_W:56_;PARALLEL;5;1000;7.5456;0.00754537;1.84851e-05;

BatchNorm;N:32_C:2048_H:7_W:7_;PARALLEL;5;6000;5.14763;0.000857886;1.80622e-05;


