Name;Descriptor;Mode;Warmup;Iterations;Duration;Mean;StdDev;
BatchNorm;N:32_C:1_H:224_W:224_;PARALLEL;5;10000;7.2096;0.000720916;3.08932e-05;

BatchNorm;N:32_C:64_H:112_W:112_;PARALLEL;5;1000;14.0313;0.0140311;9.99148e-05;

BatchNorm;N:32_C:256_H:112_W:112_;PARALLEL;5;200;11.4492;0.0572457;0.000164815;

BatchNorm;N:32_C:256_H:56_W:56_;PARALLEL;5;1000;14.5166;0.0145163;9.54212e-05;

BatchNorm;N:32_C:2048_H:7_W:7_;PARALLEL;5;6000;15.9565;0.00265921;2.8996e-05;


