Name;Descriptor;Mode;Warmup;Iterations;Duration;Mean;StdDev;
BatchNorm;N:32_C:1_H:224_W:224_;PARALLEL;5;10000;2.73838;0.000273772;4.45894e-05;

BatchNorm;N:32_C:64_H:112_W:112_;PARALLEL;5;1000;7.03853;0.00703833;3.71952e-05;

BatchNorm;N:32_C:256_H:112_W:112_;PARALLEL;5;200;6.05201;0.0302598;5.05118e-05;

BatchNorm;N:32_C:256_H:56_W:56_;PARALLEL;5;1000;7.51311;0.00751291;3.68395e-05;

BatchNorm;N:32_C:2048_H:7_W:7_;PARALLEL;5;6000;4.62887;0.000771422;2.85777e-05;


