Name;Descriptor;Mode;Warmup;Iterations;Duration;Mean;StdDev;
BatchNorm;N:32_C:1_H:224_W:224_;PARALLEL;5;10000;2.67205;0.000267162;2.28956e-05;

BatchNorm;N:32_C:64_H:112_W:112_;PARALLEL;5;1000;7.17093;0.00717072;1.81158e-05;

BatchNorm;N:32_C:256_H:112_W:112_;PARALLEL;5;200;6.05841;0.0302919;4.24483e-05;

BatchNorm;N:32_C:256_H:56_W:56_;PARALLEL;5;1000;7.60438;0.00760418;3.13576e-05;

BatchNorm;N:32_C:2048_H:7_W:7_;PARALLEL;5;6000;5.34908;0.000891349;2.10041e-05;


