Name;Descriptor;Mode;Warmup;Iterations;Duration;Mean;StdDev;
BatchNorm;N:32_C:1_H:224_W:224_;PARALLEL;5;10000;2.91911;0.000291884;2.11361e-05;

BatchNorm;N:32_C:64_H:112_W:112_;PARALLEL;5;1000;8.53801;0.00853773;2.49807e-05;

BatchNorm;N:32_C:256_H:112_W:112_;PARALLEL;5;200;7.06057;0.0353026;1.84211e-05;

BatchNorm;N:32_C:256_H:56_W:56_;PARALLEL;5;1000;8.94991;0.00894966;8.80606e-05;

BatchNorm;N:32_C:2048_H:7_W:7_;PARALLEL;5;6000;7.27478;0.00121241;2.545e-05;


