Name;Descriptor;Mode;Warmup;Iterations;Duration;Mean;StdDev;
BatchNorm;N:32_C:1_H:224_W:224_;PARALLEL;5;10000;2.68396;0.000268368;2.18886e-05;

BatchNorm;N:32_C:64_H:112_W:112_;PARALLEL;5;1000;8.10349;0.00810333;4.73646e-05;

BatchNorm;N:32_C:256_H:112_W:112_;PARALLEL;5;200;6.74107;0.0337052;6.00585e-05;

BatchNorm;N:32_C:256_H:56_W:56_;PARALLEL;5;1000;8.40661;0.00840644;5.6839e-05;

BatchNorm;N:32_C:2048_H:7_W:7_;PARALLEL;5;6000;6.0672;0.00101114;2.99196e-05;


