Name;Descriptor;Mode;Warmup;Iterations;Duration;Mean;StdDev;
BatchNorm;N:32_C:1_H:224_W:224_;PARALLEL;5;10000;2.74413;0.000274348;2.01386e-05;

BatchNorm;N:32_C:64_H:112_W:112_;PARALLEL;5;1000;7.06785;0.00706762;4.13863e-05;

BatchNorm;N:32_C:256_H:112_W:112_;PARALLEL;5;200;6.02812;0.0301404;5.00309e-05;

BatchNorm;N:32_C:256_H:56_W:56_;PARALLEL;5;1000;7.53891;0.00753871;0.000207395;

BatchNorm;N:32_C:2048_H:7_W:7_;PARALLEL;5;6000;4.9364;0.000822681;2.49793e-05;


