Name;Descriptor;Mode;Warmup;Iterations;Duration;Mean;StdDev;
BatchNorm;N:32_C:1_H:224_W:224_;PARALLEL;5;10000;2.4021;0.000240179;1.38432e-05;

BatchNorm;N:32_C:64_H:112_W:112_;PARALLEL;5;1000;3.55877;0.00355861;4.25231e-05;

BatchNorm;N:32_C:256_H:112_W:112_;PARALLEL;5;200;4.2325;0.0211624;6.62516e-05;

BatchNorm;N:32_C:256_H:56_W:56_;PARALLEL;5;1000;3.70132;0.00370116;3.64753e-05;

BatchNorm;N:32_C:2048_H:7_W:7_;PARALLEL;5;6000;3.23259;0.00053873;1.38239e-05;


