Name;Descriptor;Mode;Warmup;Iterations;Duration;Mean;StdDev;
BatchNorm;N:32_C:1_H:224_W:224_;PARALLEL;5;10000;2.88754;0.000288727;8.0015e-06;

BatchNorm;N:32_C:64_H:112_W:112_;PARALLEL;5;1000;4.18441;0.00418418;3.10298e-05;

BatchNorm;N:32_C:256_H:112_W:112_;PARALLEL;5;200;4.10569;0.0205282;5.03171e-05;

BatchNorm;N:32_C:256_H:56_W:56_;PARALLEL;5;1000;4.34833;0.00434808;2.17552e-05;

BatchNorm;N:32_C:2048_H:7_W:7_;PARALLEL;5;6000;3.89028;0.000648332;9.05595e-06;


