Name;Descriptor;Mode;Warmup;Iterations;Duration;Mean;StdDev;
BatchNorm;N:32_C:1_H:224_W:224_;PARALLEL;5;10000;3.4989;0.000349776;1.90728e-05;

BatchNorm;N:32_C:64_H:112_W:112_;PARALLEL;5;1000;3.01432;0.00301374;5.30666e-05;

BatchNorm;N:32_C:256_H:112_W:112_;PARALLEL;5;200;4.35952;0.0217973;0.000251338;

BatchNorm;N:32_C:256_H:56_W:56_;PARALLEL;5;1000;3.09976;0.0030992;2.58766e-05;

BatchNorm;N:32_C:2048_H:7_W:7_;PARALLEL;5;6000;4.76717;0.000794481;2.0569e-05;


