Name;Descriptor;Mode;Warmup;Iterations;Duration;Mean;StdDev;
BatchNorm;N:32_C:1_H:224_W:224_;PARALLEL;5;10000;2.90373;0.000290341;1.01033e-05;

BatchNorm;N:32_C:64_H:112_W:112_;PARALLEL;5;1000;4.60305;0.00460281;5.58714e-05;

BatchNorm;N:32_C:256_H:112_W:112_;PARALLEL;5;200;4.12423;0.0206209;4.6174e-05;

BatchNorm;N:32_C:256_H:56_W:56_;PARALLEL;5;1000;4.59885;0.0045986;2.80904e-05;

BatchNorm;N:32_C:2048_H:7_W:7_;PARALLEL;5;6000;4.23334;0.000705513;7.77214e-06;


