Name;Descriptor;Mode;Warmup;Iterations;Duration;Mean;StdDev;
BatchNorm;N:32_C:1_H:224_W:224_;PARALLEL;5;10000;3.39942;0.000339832;1.64056e-05;

BatchNorm;N:32_C:64_H:112_W:112_;PARALLEL;5;1000;3.00104;0.00300062;2.49694e-05;

BatchNorm;N:32_C:256_H:112_W:112_;PARALLEL;5;200;4.46413;0.0223205;6.46919e-05;

BatchNorm;N:32_C:256_H:56_W:56_;PARALLEL;5;1000;3.09213;0.00309166;2.90615e-05;

BatchNorm;N:32_C:2048_H:7_W:7_;PARALLEL;5;6000;4.77094;0.00079507;1.93096e-05;


