Name;Descriptor;Mode;Warmup;Iterations;Duration;Mean;StdDev;
BatchNorm;N:32_C:1_H:224_W:224_;PARALLEL;5;10000;2.9867;0.00029863;1.31729e-05;

BatchNorm;N:32_C:64_H:112_W:112_;PARALLEL;5;1000;2.98845;0.00298806;3.40485e-05;

BatchNorm;N:32_C:256_H:112_W:112_;PARALLEL;5;200;4.44338;0.0222167;0.000346933;

BatchNorm;N:32_C:256_H:56_W:56_;PARALLEL;5;1000;3.16152;0.00316123;4.02049e-05;

BatchNorm;N:32_C:2048_H:7_W:7_;PARALLEL;5;6000;4.21038;0.000701672;1.7745e-05;


