Name;Descriptor;Mode;Warmup;Iterations;Duration;Mean;StdDev;
BatchNorm;N:32_C:1_H:224_W:224_;PARALLEL;5;10000;9.99985;0.000999937;1.55413e-05;

BatchNorm;N:32_C:64_H:112_W:112_;PARALLEL;5;1000;18.6768;0.0186767;0.000162434;

BatchNorm;N:32_C:256_H:112_W:112_;PARALLEL;5;200;15.9249;0.0796245;0.000902569;

BatchNorm;N:32_C:256_H:56_W:56_;PARALLEL;5;1000;19.2981;0.0192979;0.00018091;

BatchNorm;N:32_C:2048_H:7_W:7_;PARALLEL;5;6000;20.2888;0.00338142;3.5748e-05;


