Name;Descriptor;Mode;Warmup;Iterations;Duration;Mean;StdDev;
BatchNorm;N:32_C:1_H:224_W:224_;PARALLEL;5;10000;3.6761;0.000367562;2.21711e-05;

BatchNorm;N:32_C:64_H:112_W:112_;PARALLEL;5;1000;2.88878;0.00288828;3.83349e-05;

BatchNorm;N:32_C:256_H:112_W:112_;PARALLEL;5;200;4.68037;0.0234015;0.000441424;

BatchNorm;N:32_C:256_H:56_W:56_;PARALLEL;5;1000;3.09085;0.00309028;2.8615e-05;

BatchNorm;N:32_C:2048_H:7_W:7_;PARALLEL;5;6000;5.02951;0.000838206;2.29531e-05;


