Name;Descriptor;Mode;Warmup;Iterations;Duration;Mean;StdDev;
BatchNorm;N:32_C:1_H:224_W:224_;PARALLEL;5;10000;6.36226;0.000636187;1.45868e-05;

BatchNorm;N:32_C:64_H:112_W:112_;PARALLEL;5;1000;11.4367;0.0114365;0.000300935;

BatchNorm;N:32_C:256_H:112_W:112_;PARALLEL;5;200;9.5972;0.0479858;0.000414966;

BatchNorm;N:32_C:256_H:56_W:56_;PARALLEL;5;1000;11.6273;0.0116271;0.000345418;

BatchNorm;N:32_C:2048_H:7_W:7_;PARALLEL;5;6000;11.9063;0.00198433;3.50498e-05;


