Name;Descriptor;Mode;Warmup;Iterations;Duration;Mean;StdDev;
BatchNorm;N:32_C:1_H:224_W:224_;PARALLEL;5;10000;3.45871;0.000345832;1.54237e-05;

BatchNorm;N:32_C:64_H:112_W:112_;PARALLEL;5;1000;2.98376;0.00298338;2.79329e-05;

BatchNorm;N:32_C:256_H:112_W:112_;PARALLEL;5;200;4.43314;0.0221655;0.000424035;

BatchNorm;N:32_C:256_H:56_W:56_;PARALLEL;5;1000;3.30435;0.00330355;2.98323e-05;

BatchNorm;N:32_C:2048_H:7_W:7_;PARALLEL;5;6000;4.80632;0.000801006;2.4497e-05;


