Name;Descriptor;Mode;Warmup;Iterations;Duration;Mean;StdDev;
BatchNorm;N:32_C:1_H:224_W:224_;PARALLEL;5;10000;2.91782;0.000291737;1.45772e-05;

BatchNorm;N:32_C:64_H:112_W:112_;PARALLEL;5;1000;3.32947;0.00332921;3.79855e-05;

BatchNorm;N:32_C:256_H:112_W:112_;PARALLEL;5;200;4.41586;0.022079;0.000238214;

BatchNorm;N:32_C:256_H:56_W:56_;PARALLEL;5;1000;3.71421;0.00371365;4.21705e-05;

BatchNorm;N:32_C:2048_H:7_W:7_;PARALLEL;5;6000;4.07957;0.000679691;1.58697e-05;


