Name;Descriptor;Mode;Warmup;Iterations;Duration;Mean;StdDev;
BatchNorm;N:32_C:1_H:224_W:224_;PARALLEL;5;10000;3.14887;0.000314843;1.30594e-05;

BatchNorm;N:32_C:64_H:112_W:112_;PARALLEL;5;1000;2.91257;0.00291196;3.09989e-05;

BatchNorm;N:32_C:256_H:112_W:112_;PARALLEL;5;200;4.50371;0.0225183;0.000308499;

BatchNorm;N:32_C:256_H:56_W:56_;PARALLEL;5;1000;3.10671;0.00310616;3.24455e-05;

BatchNorm;N:32_C:2048_H:7_W:7_;PARALLEL;5;6000;4.44529;0.000740788;3.88314e-05;


