Name;Descriptor;Mode;Warmup;Iterations;Duration;Mean;StdDev;
BatchNorm;N:32_C:1_H:224_W:224_;PARALLEL;5;10000;2.98492;0.000298448;1.23927e-05;

BatchNorm;N:32_C:64_H:112_W:112_;PARALLEL;5;1000;3.0401;0.00303973;2.85248e-05;

BatchNorm;N:32_C:256_H:112_W:112_;PARALLEL;5;200;4.36859;0.0218427;0.000350852;

BatchNorm;N:32_C:256_H:56_W:56_;PARALLEL;5;1000;3.09599;0.00309553;3.97136e-05;

BatchNorm;N:32_C:2048_H:7_W:7_;PARALLEL;5;6000;4.15709;0.00069277;1.51032e-05;


