Name;Descriptor;Mode;Warmup;Iterations;Duration;Mean;StdDev;
BatchNorm;N:32_C:1_H:224_W:224_;PARALLEL;5;10000;2.49009;0.000248977;1.16622e-05;

BatchNorm;N:32_C:64_H:112_W:112_;PARALLEL;5;1000;3.34569;0.00334549;3.45043e-05;

BatchNorm;N:32_C:256_H:112_W:112_;PARALLEL;5;200;3.87618;0.0193808;3.75737e-05;

BatchNorm;N:32_C:256_H:56_W:56_;PARALLEL;5;1000;3.46689;0.00346669;2.74694e-05;

BatchNorm;N:32_C:2048_H:7_W:7_;PARALLEL;5;6000;3.32726;0.000554506;1.77083e-05;


