Name;Descriptor;Mode;Warmup;Iterations;Duration;Mean;StdDev;
BatchNorm;N:32_C:1_H:224_W:224_;PARALLEL;5;10000;2.76136;0.000276097;1.33029e-05;

BatchNorm;N:32_C:64_H:112_W:112_;PARALLEL;5;1000;3.43841;0.00343788;2.95544e-05;

BatchNorm;N:32_C:256_H:112_W:112_;PARALLEL;5;200;4.33744;0.0216867;5.48196e-05;

BatchNorm;N:32_C:256_H:56_W:56_;PARALLEL;5;1000;3.30389;0.00330353;2.81949e-05;

BatchNorm;N:32_C:2048_H:7_W:7_;PARALLEL;5;6000;3.58474;0.000597423;1.7016e-05;


