Name;Descriptor;Mode;Warmup;Iterations;Duration;Mean;StdDev;
BatchNorm;N:32_C:1_H:224_W:224_;PARALLEL;5;10000;3.02525;0.000302483;1.08684e-05;

BatchNorm;N:32_C:64_H:112_W:112_;PARALLEL;5;1000;3.03804;0.00303764;4.92765e-05;

BatchNorm;N:32_C:256_H:112_W:112_;PARALLEL;5;200;4.39653;0.0219824;0.000418809;

BatchNorm;N:32_C:256_H:56_W:56_;PARALLEL;5;1000;3.12398;0.00312349;3.67308e-05;

BatchNorm;N:32_C:2048_H:7_W:7_;PARALLEL;5;6000;4.15052;0.000691689;1.81495e-05;


