Name;Descriptor;Mode;Warmup;Iterations;Duration;Mean;StdDev;
BatchNorm;N:32_C:1_H:224_W:224_;PARALLEL;5;10000;3.00943;0.0003009;1.10868e-05;

BatchNorm;N:32_C:64_H:112_W:112_;PARALLEL;5;1000;3.59996;0.00359957;3.6669e-05;

BatchNorm;N:32_C:256_H:112_W:112_;PARALLEL;5;200;4.41933;0.0220964;0.000256529;

BatchNorm;N:32_C:256_H:56_W:56_;PARALLEL;5;1000;3.24887;0.00324839;3.19739e-05;

BatchNorm;N:32_C:2048_H:7_W:7_;PARALLEL;5;6000;4.16082;0.0006934;1.96776e-05;


