Name;Descriptor;Mode;Warmup;Iterations;Duration;Mean;StdDev;
BatchNorm;N:32_C:1_H:224_W:224_;PARALLEL;5;10000;4.52164;0.000451995;2.31751e-05;

BatchNorm;N:32_C:64_H:112_W:112_;PARALLEL;5;1000;3.19526;0.00319449;5.36768e-05;

BatchNorm;N:32_C:256_H:112_W:112_;PARALLEL;5;200;4.45598;0.0222796;5.44434e-05;

BatchNorm;N:32_C:256_H:56_W:56_;PARALLEL;5;1000;3.36004;0.00335926;4.33754e-05;

BatchNorm;N:32_C:2048_H:7_W:7_;PARALLEL;5;6000;5.47676;0.000912721;4.13102e-05;


