Name;Descriptor;Mode;Warmup;Iterations;Duration;Mean;StdDev;
BatchNorm;N:32_C:1_H:224_W:224_;PARALLEL;5;10000;4.3901;0.000438952;2.06621e-05;

BatchNorm;N:32_C:64_H:112_W:112_;PARALLEL;5;1000;3.20081;0.00320011;0.00011802;

BatchNorm;N:32_C:256_H:112_W:112_;PARALLEL;5;200;4.58271;0.022913;0.000317082;

BatchNorm;N:32_C:256_H:56_W:56_;PARALLEL;5;1000;3.1841;0.0031836;3.57166e-05;

BatchNorm;N:32_C:2048_H:7_W:7_;PARALLEL;5;6000;5.38718;0.000897829;2.63981e-05;


