Name;Descriptor;Mode;Warmup;Iterations;Duration;Mean;StdDev;
BatchNorm;N:32_C:1_H:224_W:224_;PARALLEL;5;10000;2.25049;0.000225016;1.04836e-05;

BatchNorm;N:32_C:64_H:112_W:112_;PARALLEL;5;1000;3.62616;0.00362603;0.000133294;

BatchNorm;N:32_C:256_H:112_W:112_;PARALLEL;5;200;4.08035;0.0204016;7.64678e-05;

BatchNorm;N:32_C:256_H:56_W:56_;PARALLEL;5;1000;3.67616;0.00367599;3.3059e-05;

BatchNorm;N:32_C:2048_H:7_W:7_;PARALLEL;5;6000;3.30031;0.000550004;1.53722e-05;


