Name;Descriptor;Mode;Warmup;Iterations;Duration;Mean;StdDev;
BatchNorm;N:32_C:1_H:224_W:224_;PARALLEL;5;10000;3.03077;0.000302978;1.03665e-05;

BatchNorm;N:32_C:64_H:112_W:112_;PARALLEL;5;1000;2.87757;0.00287723;3.0749e-05;

BatchNorm;N:32_C:256_H:112_W:112_;PARALLEL;5;200;4.24671;0.0212333;8.41677e-05;

BatchNorm;N:32_C:256_H:56_W:56_;PARALLEL;5;1000;3.1177;0.00311725;2.75415e-05;

BatchNorm;N:32_C:2048_H:7_W:7_;PARALLEL;5;6000;4.25317;0.000708801;1.81542e-05;


