Name;Descriptor;Mode;Warmup;Iterations;Duration;Mean;StdDev;
BatchNorm;N:32_C:1_H:224_W:224_;PARALLEL;5;10000;2.29774;0.00022974;6.02481e-06;

BatchNorm;N:32_C:64_H:112_W:112_;PARALLEL;5;1000;4.02681;0.00402668;3.60516e-05;

BatchNorm;N:32_C:256_H:112_W:112_;PARALLEL;5;200;4.08272;0.0204135;4.15135e-05;

BatchNorm;N:32_C:256_H:56_W:56_;PARALLEL;5;1000;3.97404;0.00397391;1.2476e-05;

BatchNorm;N:32_C:2048_H:7_W:7_;PARALLEL;5;6000;3.47419;0.000578999;6.1188e-06;


