Name;Descriptor;Mode;Warmup;Iterations;Duration;Mean;StdDev;
BatchNorm;N:32_C:1_H:224_W:224_;PARALLEL;5;10000;3.00157;0.000299992;1.06314e-05;

BatchNorm;N:32_C:64_H:112_W:112_;PARALLEL;5;1000;3.11979;0.00311956;3.679e-05;

BatchNorm;N:32_C:256_H:112_W:112_;PARALLEL;5;200;4.48575;0.0224285;0.000166826;

BatchNorm;N:32_C:256_H:56_W:56_;PARALLEL;5;1000;3.13641;0.00313605;3.5278e-05;

BatchNorm;N:32_C:2048_H:7_W:7_;PARALLEL;5;6000;4.20308;0.00070042;2.03427e-05;


