Name;Descriptor;Mode;Warmup;Iterations;Duration;Mean;StdDev;
BatchNorm;N:32_C:1_H:224_W:224_;PARALLEL;5;10000;3.04022;0.000303961;1.28785e-05;

BatchNorm;N:32_C:64_H:112_W:112_;PARALLEL;5;1000;3.09653;0.0030961;3.46516e-05;

BatchNorm;N:32_C:256_H:112_W:112_;PARALLEL;5;200;4.22723;0.0211359;0.000417648;

BatchNorm;N:32_C:256_H:56_W:56_;PARALLEL;5;1000;3.17866;0.00317812;2.86036e-05;

BatchNorm;N:32_C:2048_H:7_W:7_;PARALLEL;5;6000;4.48443;0.000747354;2.01334e-05;


