Name;Descriptor;Mode;Warmup;Iterations;Duration;Mean;StdDev;
BatchNorm;N:32_C:1_H:224_W:224_;PARALLEL;5;10000;2.78799;0.000278763;1.21226e-05;

BatchNorm;N:32_C:64_H:112_W:112_;PARALLEL;5;1000;3.20872;0.00320831;5.01426e-05;

BatchNorm;N:32_C:256_H:112_W:112_;PARALLEL;5;200;4.21895;0.0210945;5.35913e-05;

BatchNorm;N:32_C:256_H:56_W:56_;PARALLEL;5;1000;3.35875;0.00335843;3.07313e-05;

BatchNorm;N:32_C:2048_H:7_W:7_;PARALLEL;5;6000;3.57068;0.000595082;1.81663e-05;


