Name;Descriptor;Mode;Warmup;Iterations;Duration;Mean;StdDev;
BatchNorm;N:32_C:1_H:224_W:224_;PARALLEL;5;10000;2.9033;0.0002903;8.14303e-06;

BatchNorm;N:32_C:64_H:112_W:112_;PARALLEL;5;1000;5.21587;0.00521572;2.35742e-05;

BatchNorm;N:32_C:256_H:112_W:112_;PARALLEL;5;200;4.70525;0.0235262;2.67658e-05;

BatchNorm;N:32_C:256_H:56_W:56_;PARALLEL;5;1000;5.4246;0.00542445;2.58645e-05;

BatchNorm;N:32_C:2048_H:7_W:7_;PARALLEL;5;6000;5.06431;0.000844005;4.29331e-06;


