Name;Descriptor;Mode;Warmup;Iterations;Duration;Mean;StdDev;
BatchNorm;N:32_C:1_H:224_W:224_;PARALLEL;5;10000;2.56959;0.000256926;1.15093e-05;

BatchNorm;N:32_C:64_H:112_W:112_;PARALLEL;5;1000;3.37176;0.00337156;4.04389e-05;

BatchNorm;N:32_C:256_H:112_W:112_;PARALLEL;5;200;4.33688;0.0216842;3.83372e-05;

BatchNorm;N:32_C:256_H:56_W:56_;PARALLEL;5;1000;3.46462;0.00346438;3.13547e-05;

BatchNorm;N:32_C:2048_H:7_W:7_;PARALLEL;5;6000;3.33969;0.000556588;1.45689e-05;


