Name;Descriptor;Mode;Warmup;Iterations;Duration;Mean;StdDev;
BatchNorm;N:32_C:1_H:224_W:224_;PARALLEL;5;10000;2.9277;0.000292741;7.8948e-06;

BatchNorm;N:32_C:64_H:112_W:112_;PARALLEL;5;1000;5.68216;0.00568204;5.94424e-05;

BatchNorm;N:32_C:256_H:112_W:112_;PARALLEL;5;200;4.88823;0.024441;2.77929e-05;

BatchNorm;N:32_C:256_H:56_W:56_;PARALLEL;5;1000;5.83515;0.00583499;2.34264e-05;

BatchNorm;N:32_C:2048_H:7_W:7_;PARALLEL;5;6000;5.66262;0.000943725;4.17869e-06;


