Name;Descriptor;Mode;Warmup;Iterations;Duration;Mean;StdDev;
BatchNorm;N:32_C:1_H:224_W:224_;PARALLEL;5;10000;2.50993;0.000250946;1.00006e-05;

BatchNorm;N:32_C:64_H:112_W:112_;PARALLEL;5;1000;2.9987;0.00299823;8.58989e-05;

BatchNorm;N:32_C:256_H:112_W:112_;PARALLEL;5;200;4.0641;0.0203201;0.000353748;

BatchNorm;N:32_C:256_H:56_W:56_;PARALLEL;5;1000;3.13727;0.0031365;3.23396e-05;

BatchNorm;N:32_C:2048_H:7_W:7_;PARALLEL;5;6000;3.57889;0.000596447;1.52992e-05;


