Name;Descriptor;Mode;Warmup;Iterations;Duration;Mean;StdDev;
BatchNorm;N:32_C:1_H:224_W:224_;PARALLEL;5;10000;4.27935;0.000427895;5.32685e-05;

BatchNorm;N:32_C:64_H:112_W:112_;PARALLEL;5;1000;3.11679;0.00311636;3.54698e-05;

BatchNorm;N:32_C:256_H:112_W:112_;PARALLEL;5;200;4.36797;0.0218396;0.000215562;

BatchNorm;N:32_C:256_H:56_W:56_;PARALLEL;5;1000;3.25864;0.00325816;4.18876e-05;

BatchNorm;N:32_C:2048_H:7_W:7_;PARALLEL;5;6000;5.295;0.000882414;5.86022e-05;


