Name;Descriptor;Mode;Warmup;Iterations;Duration;Mean;StdDev;
BatchNorm;N:32_C:1_H:224_W:224_;PARALLEL;5;10000;5.1187;0.000511829;2.62563e-06;

BatchNorm;N:32_C:64_H:112_W:112_;PARALLEL;5;1000;8.15399;0.00815387;1.48884e-05;

BatchNorm;N:32_C:256_H:112_W:112_;PARALLEL;5;200;6.94126;0.0347062;2.09364e-05;

BatchNorm;N:32_C:256_H:56_W:56_;PARALLEL;5;1000;8.43268;0.00843253;1.49686e-05;

BatchNorm;N:32_C:2048_H:7_W:7_;PARALLEL;5;6000;8.52932;0.00142151;3.86276e-06;


