Name;Descriptor;Mode;Warmup;Iterations;Duration;Mean;StdDev;
BatchNorm;N:32_C:1_H:224_W:224_;PARALLEL;5;10000;2.71268;0.000271237;2.06526e-05;

BatchNorm;N:32_C:64_H:112_W:112_;PARALLEL;5;1000;3.1877;0.0031874;0.00011797;

BatchNorm;N:32_C:256_H:112_W:112_;PARALLEL;5;200;4.26135;0.0213065;0.00056995;

BatchNorm;N:32_C:256_H:56_W:56_;PARALLEL;5;1000;3.28824;0.00328785;9.53352e-05;

BatchNorm;N:32_C:2048_H:7_W:7_;PARALLEL;5;6000;4.06276;0.000677075;2.00042e-05;


