Name;Descriptor;Mode;Warmup;Iterations;Duration;Mean;StdDev;
BatchNorm;N:32_C:1_H:224_W:224_;PARALLEL;5;10000;3.74456;0.000374415;1.82807e-05;

BatchNorm;N:32_C:64_H:112_W:112_;PARALLEL;5;1000;3.10527;0.00310476;2.60829e-05;

BatchNorm;N:32_C:256_H:112_W:112_;PARALLEL;5;200;4.5026;0.0225128;0.000314978;

BatchNorm;N:32_C:256_H:56_W:56_;PARALLEL;5;1000;3.25486;0.00325443;3.82377e-05;

BatchNorm;N:32_C:2048_H:7_W:7_;PARALLEL;5;6000;4.99551;0.000832535;4.27202e-05;


