Name;Descriptor;Mode;Warmup;Iterations;Duration;Mean;StdDev;
BatchNorm;N:32_C:1_H:224_W:224_;PARALLEL;5;10000;19.0249;0.00190245;3.6739e-05;

BatchNorm;N:32_C:64_H:112_W:112_;PARALLEL;5;1000;36.07;0.0360699;0.00020057;

BatchNorm;N:32_C:256_H:112_W:112_;PARALLEL;5;200;30.6721;0.15336;0.000501678;

BatchNorm;N:32_C:256_H:56_W:56_;PARALLEL;5;1000;37.2924;0.0372922;0.000134994;

BatchNorm;N:32_C:2048_H:7_W:7_;PARALLEL;5;6000;38.7091;0.00645147;8.22078e-05;


