Name;Descriptor;Mode;Warmup;Iterations;Duration;Mean;StdDev;
BatchNorm;N:32_C:1_H:224_W:224_;PARALLEL;5;10000;2.55868;0.000255831;1.2758e-05;

BatchNorm;N:32_C:64_H:112_W:112_;PARALLEL;5;1000;3.30733;0.00330711;3.23787e-05;

BatchNorm;N:32_C:256_H:112_W:112_;PARALLEL;5;200;4.08193;0.0204095;9.93709e-05;

BatchNorm;N:32_C:256_H:56_W:56_;PARALLEL;5;1000;3.53534;0.00353514;4.07776e-05;

BatchNorm;N:32_C:2048_H:7_W:7_;PARALLEL;5;6000;3.31832;0.00055302;1.93979e-05;


