Name;Descriptor;Mode;Warmup;Iterations;Duration;Mean;StdDev;
BatchNorm;N:32_C:1_H:224_W:224_;PARALLEL;5;10000;4.56163;0.000456122;4.85868e-05;

BatchNorm;N:32_C:64_H:112_W:112_;PARALLEL;5;1000;3.09137;0.00309068;4.68015e-05;

BatchNorm;N:32_C:256_H:112_W:112_;PARALLEL;5;200;4.32473;0.0216233;0.000308026;

BatchNorm;N:32_C:256_H:56_W:56_;PARALLEL;5;1000;3.2541;0.00325348;3.75068e-05;

BatchNorm;N:32_C:2048_H:7_W:7_;PARALLEL;5;6000;5.56186;0.000926887;6.06501e-05;


