Name;Descriptor;Mode;Warmup;Iterations;Duration;Mean;StdDev;
BatchNorm;N:32_C:1_H:224_W:224_;PARALLEL;5;10000;2.90307;0.000290262;1.36034e-05;

BatchNorm;N:32_C:64_H:112_W:112_;PARALLEL;5;1000;3.17063;0.00317035;4.96304e-05;

BatchNorm;N:32_C:256_H:112_W:112_;PARALLEL;5;200;4.16273;0.0208134;0.000221692;

BatchNorm;N:32_C:256_H:56_W:56_;PARALLEL;5;1000;3.21709;0.00321671;3.16876e-05;

BatchNorm;N:32_C:2048_H:7_W:7_;PARALLEL;5;6000;4.01631;0.000669341;1.83845e-05;


