Name;Descriptor;Mode;Warmup;Iterations;Duration;Mean;StdDev;
BatchNorm;N:32_C:1_H:224_W:224_;PARALLEL;5;10000;3.26328;0.000326213;1.49809e-05;

BatchNorm;N:32_C:64_H:112_W:112_;PARALLEL;5;1000;2.96747;0.00296692;3.77796e-05;

BatchNorm;N:32_C:256_H:112_W:112_;PARALLEL;5;200;4.62884;0.0231439;0.000445461;

BatchNorm;N:32_C:256_H:56_W:56_;PARALLEL;5;1000;3.19518;0.00319484;2.30673e-05;

BatchNorm;N:32_C:2048_H:7_W:7_;PARALLEL;5;6000;4.64464;0.000774032;2.18252e-05;


