Name;Descriptor;Mode;Warmup;Iterations;Duration;Mean;StdDev;
BatchNorm;N:32_C:1_H:224_W:224_;PARALLEL;5;10000;3.53148;0.000353098;1.96401e-05;

BatchNorm;N:32_C:64_H:112_W:112_;PARALLEL;5;1000;2.89681;0.00289634;2.97811e-05;

BatchNorm;N:32_C:256_H:112_W:112_;PARALLEL;5;200;4.46457;0.0223226;0.000131791;

BatchNorm;N:32_C:256_H:56_W:56_;PARALLEL;5;1000;3.04652;0.00304591;3.13722e-05;

BatchNorm;N:32_C:2048_H:7_W:7_;PARALLEL;5;6000;4.95927;0.00082648;5.67597e-05;


