Name;Descriptor;Mode;Warmup;Iterations;Duration;Mean;StdDev;
BatchNorm;N:32_C:1_H:224_W:224_;PARALLEL;5;10000;3.24432;0.000324377;1.52581e-05;

BatchNorm;N:32_C:64_H:112_W:112_;PARALLEL;5;1000;3.13046;0.00312992;4.19437e-05;

BatchNorm;N:32_C:256_H:112_W:112_;PARALLEL;5;200;4.45913;0.0222954;0.000401027;

BatchNorm;N:32_C:256_H:56_W:56_;PARALLEL;5;1000;3.11058;0.00311014;8.53089e-05;

BatchNorm;N:32_C:2048_H:7_W:7_;PARALLEL;5;6000;4.55839;0.000759641;1.87722e-05;


