Name;Descriptor;Mode;Warmup;Iterations;Duration;Mean;StdDev;
BatchNorm;N:32_C:1_H:224_W:224_;PARALLEL;5;10000;2.75643;0.000275606;1.34829e-05;

BatchNorm;N:32_C:64_H:112_W:112_;PARALLEL;5;1000;3.24996;0.00324949;5.07475e-05;

BatchNorm;N:32_C:256_H:112_W:112_;PARALLEL;5;200;4.46439;0.0223217;3.82165e-05;

BatchNorm;N:32_C:256_H:56_W:56_;PARALLEL;5;1000;3.27286;0.00327229;1.40317e-05;

BatchNorm;N:32_C:2048_H:7_W:7_;PARALLEL;5;6000;3.63641;0.000606038;9.29386e-06;


