Name;Descriptor;Mode;Warmup;Iterations;Duration;Mean;StdDev;
BatchNorm;N:32_C:1_H:224_W:224_;PARALLEL;5;10000;3.14236;0.000314194;1.1946e-05;

BatchNorm;N:32_C:64_H:112_W:112_;PARALLEL;5;1000;2.94907;0.00294855;3.82051e-05;

BatchNorm;N:32_C:256_H:112_W:112_;PARALLEL;5;200;4.42708;0.0221351;9.83586e-05;

BatchNorm;N:32_C:256_H:56_W:56_;PARALLEL;5;1000;3.09535;0.00309481;3.11458e-05;

BatchNorm;N:32_C:2048_H:7_W:7_;PARALLEL;5;6000;4.42297;0.000737113;2.34463e-05;


