Name;Descriptor;Mode;Warmup;Iterations;Duration;Mean;StdDev;
BatchNorm;N:32_C:1_H:224_W:224_;PARALLEL;5;10000;3.06561;0.000306453;1.22548e-05;

BatchNorm;N:32_C:64_H:112_W:112_;PARALLEL;5;1000;3.12765;0.00312736;3.56025e-05;

BatchNorm;N:32_C:256_H:112_W:112_;PARALLEL;5;200;4.33415;0.0216705;0.000104664;

BatchNorm;N:32_C:256_H:56_W:56_;PARALLEL;5;1000;3.04734;0.00304694;3.70257e-05;

BatchNorm;N:32_C:2048_H:7_W:7_;PARALLEL;5;6000;4.25917;0.000709766;1.81033e-05;


