Name;Descriptor;Mode;Warmup;Iterations;Duration;Mean;StdDev;
BatchNorm;N:32_C:1_H:224_W:224_;PARALLEL;5;10000;3.98176;0.000398137;1.04578e-05;

BatchNorm;N:32_C:64_H:112_W:112_;PARALLEL;5;1000;7.76238;0.00776222;0.000132772;

BatchNorm;N:32_C:256_H:112_W:112_;PARALLEL;5;200;6.62606;0.0331301;0.000396006;

BatchNorm;N:32_C:256_H:56_W:56_;PARALLEL;5;1000;7.88185;0.00788168;0.000142289;

BatchNorm;N:32_C:2048_H:7_W:7_;PARALLEL;5;6000;7.92367;0.00132057;4.95288e-05;


