Name;Descriptor;Mode;Warmup;Iterations;Duration;Mean;StdDev;
BatchNorm;N:32_C:1_H:224_W:224_;PARALLEL;5;10000;5.17956;0.000517916;1.21382e-05;

BatchNorm;N:32_C:64_H:112_W:112_;PARALLEL;5;1000;9.07316;0.00907298;0.000176779;

BatchNorm;N:32_C:256_H:112_W:112_;PARALLEL;5;200;7.84387;0.0392192;0.0006082;

BatchNorm;N:32_C:256_H:56_W:56_;PARALLEL;5;1000;9.27301;0.00927283;0.000198429;

BatchNorm;N:32_C:2048_H:7_W:7_;PARALLEL;5;6000;9.42279;0.00157043;2.35439e-05;


