Name;Descriptor;Mode;Warmup;Iterations;Duration;Mean;StdDev;
BatchNorm;N:32_C:1_H:224_W:224_;PARALLEL;5;10000;4.12886;0.000412846;2.12045e-05;

BatchNorm;N:32_C:64_H:112_W:112_;PARALLEL;5;1000;2.94542;0.00294454;5.33265e-05;

BatchNorm;N:32_C:256_H:112_W:112_;PARALLEL;5;200;4.48403;0.0224199;0.000240898;

BatchNorm;N:32_C:256_H:56_W:56_;PARALLEL;5;1000;3.19092;0.00319021;0.000119524;

BatchNorm;N:32_C:2048_H:7_W:7_;PARALLEL;5;6000;5.27527;0.000879154;2.42105e-05;


