Name;Descriptor;Mode;Warmup;Iterations;Duration;Mean;StdDev;
BatchNorm;N:32_C:1_H:224_W:224_;PARALLEL;5;10000;3.94191;0.000394155;2.85874e-06;

BatchNorm;N:32_C:64_H:112_W:112_;PARALLEL;5;1000;7.03871;0.00703847;3.65424e-05;

BatchNorm;N:32_C:256_H:112_W:112_;PARALLEL;5;200;6.0011;0.0300053;4.14541e-05;

BatchNorm;N:32_C:256_H:56_W:56_;PARALLEL;5;1000;7.24864;0.00724841;2.41791e-05;

BatchNorm;N:32_C:2048_H:7_W:7_;PARALLEL;5;6000;7.24599;0.00120761;1.18802e-05;


