Name;Descriptor;Mode;Warmup;Iterations;Duration;Mean;StdDev;
BatchNorm;N:32_C:1_H:224_W:224_;PARALLEL;5;10000;2.9242;0.000292392;1.00609e-05;

BatchNorm;N:32_C:64_H:112_W:112_;PARALLEL;5;1000;5.40645;0.00540624;9.45518e-05;

BatchNorm;N:32_C:256_H:112_W:112_;PARALLEL;5;200;4.71294;0.0235645;0.000306811;

BatchNorm;N:32_C:256_H:56_W:56_;PARALLEL;5;1000;5.73964;0.00573947;0.000104963;

BatchNorm;N:32_C:2048_H:7_W:7_;PARALLEL;5;6000;5.32768;0.000887904;1.39824e-05;


