Name;Descriptor;Mode;Warmup;Iterations;Duration;Mean;StdDev;
BatchNorm;N:32_C:1_H:224_W:224_;PARALLEL;5;10000;3.05882;0.000305834;1.1917e-05;

BatchNorm;N:32_C:64_H:112_W:112_;PARALLEL;5;1000;3.2282;0.00322764;2.75453e-05;

BatchNorm;N:32_C:256_H:112_W:112_;PARALLEL;5;200;4.41108;0.0220551;0.000695332;

BatchNorm;N:32_C:256_H:56_W:56_;PARALLEL;5;1000;3.20333;0.00320282;2.5158e-05;

BatchNorm;N:32_C:2048_H:7_W:7_;PARALLEL;5;6000;4.49077;0.000748374;2.04567e-05;


