Name;Descriptor;Mode;Warmup;Iterations;Duration;Mean;StdDev;
BatchNorm;N:32_C:1_H:224_W:224_;PARALLEL;5;10000;2.88063;0.000288025;3.30739e-05;

BatchNorm;N:32_C:64_H:112_W:112_;PARALLEL;5;1000;8.53676;0.00853662;0.000196913;

BatchNorm;N:32_C:256_H:112_W:112_;PARALLEL;5;200;7.33765;0.036688;1.95292e-05;

BatchNorm;N:32_C:256_H:56_W:56_;PARALLEL;5;1000;8.94173;0.00894156;1.27814e-05;

BatchNorm;N:32_C:2048_H:7_W:7_;PARALLEL;5;6000;7.07966;0.00117988;6.02932e-06;


