Name;Descriptor;Mode;Warmup;Iterations;Duration;Mean;StdDev;
BatchNorm;N:32_C:1_H:224_W:224_;PARALLEL;5;10000;2.78156;0.00027813;2.4499e-05;

BatchNorm;N:32_C:64_H:112_W:112_;PARALLEL;5;1000;8.15902;0.00815885;4.84776e-05;

BatchNorm;N:32_C:256_H:112_W:112_;PARALLEL;5;200;6.80756;0.0340376;4.649e-05;

BatchNorm;N:32_C:256_H:56_W:56_;PARALLEL;5;1000;8.57786;0.00857768;3.31993e-05;

BatchNorm;N:32_C:2048_H:7_W:7_;PARALLEL;5;6000;6.65174;0.00110857;9.15316e-06;


