Name;Descriptor;Mode;Warmup;Iterations;Duration;Mean;StdDev;
BatchNorm;N:32_C:1_H:224_W:224_;PARALLEL;5;10000;2.77659;0.000277611;1.95013e-05;

BatchNorm;N:32_C:64_H:112_W:112_;PARALLEL;5;1000;7.52876;0.00752862;0.000190186;

BatchNorm;N:32_C:256_H:112_W:112_;PARALLEL;5;200;6.30722;0.0315359;0.000108381;

BatchNorm;N:32_C:256_H:56_W:56_;PARALLEL;5;1000;8.126;0.00812584;2.11873e-05;

BatchNorm;N:32_C:2048_H:7_W:7_;PARALLEL;5;6000;5.87586;0.000979257;7.08366e-06;


