Name;Descriptor;Mode;Warmup;Iterations;Duration;Mean;StdDev;
BatchNorm;N:32_C:1_H:224_W:224_;PARALLEL;5;10000;3.83778;0.000383734;2.03436e-05;

BatchNorm;N:32_C:64_H:112_W:112_;PARALLEL;5;1000;8.73703;0.00873685;0.000111823;

BatchNorm;N:32_C:256_H:112_W:112_;PARALLEL;5;200;7.23144;0.0361571;9.44483e-05;

BatchNorm;N:32_C:256_H:56_W:56_;PARALLEL;5;1000;9.09155;0.00909138;0.00015127;

BatchNorm;N:32_C:2048_H:7_W:7_;PARALLEL;5;6000;6.25391;0.00104225;8.45155e-05;


