Name;Descriptor;Mode;Warmup;Iterations;Duration;Mean;StdDev;
BatchNorm;N:32_C:1_H:224_W:224_;PARALLEL;5;10000;3.8511;0.000385065;2.93659e-05;

BatchNorm;N:32_C:64_H:112_W:112_;PARALLEL;5;1000;9.00901;0.00900882;8.22174e-05;

BatchNorm;N:32_C:256_H:112_W:112_;PARALLEL;5;200;7.46511;0.0373254;7.57271e-05;

BatchNorm;N:32_C:256_H:56_W:56_;PARALLEL;5;1000;9.29857;0.00929841;9.1475e-05;

BatchNorm;N:32_C:2048_H:7_W:7_;PARALLEL;5;6000;6.63965;0.00110655;1.83246e-05;


