Name;Descriptor;Mode;Warmup;Iterations;Duration;Mean;StdDev;
BatchNorm;N:32_C:1_H:224_W:224_;PARALLEL;5;10000;2.60188;0.000260163;1.98507e-05;

BatchNorm;N:32_C:64_H:112_W:112_;PARALLEL;5;1000;7.88285;0.00788271;0.000198989;

BatchNorm;N:32_C:256_H:112_W:112_;PARALLEL;5;200;6.56763;0.032838;2.65352e-05;

BatchNorm;N:32_C:256_H:56_W:56_;PARALLEL;5;1000;8.26337;0.00826321;1.75538e-05;

BatchNorm;N:32_C:2048_H:7_W:7_;PARALLEL;5;6000;6.38023;0.00106332;7.76808e-06;


