Name;Descriptor;Mode;Warmup;Iterations;Duration;Mean;StdDev;
BatchNorm;N:32_C:1_H:224_W:224_;PARALLEL;5;10000;2.60654;0.000260605;2.19741e-05;

BatchNorm;N:32_C:64_H:112_W:112_;PARALLEL;5;1000;7.20347;0.0072033;2.06306e-05;

BatchNorm;N:32_C:256_H:112_W:112_;PARALLEL;5;200;6.1057;0.0305283;2.18645e-05;

BatchNorm;N:32_C:256_H:56_W:56_;PARALLEL;5;1000;7.86106;0.00786091;2.7248e-05;

BatchNorm;N:32_C:2048_H:7_W:7_;PARALLEL;5;6000;5.21522;0.000869132;6.62529e-06;


