Name;Descriptor;Mode;Warmup;Iterations;Duration;Mean;StdDev;
BatchNorm;N:32_C:1_H:224_W:224_;PARALLEL;5;10000;13.0623;0.00130618;7.26892e-05;

BatchNorm;N:32_C:64_H:112_W:112_;PARALLEL;5;1000;24.8585;0.0248584;9.9764e-05;

BatchNorm;N:32_C:256_H:112_W:112_;PARALLEL;5;200;20.1926;0.100963;0.000125305;

BatchNorm;N:32_C:256_H:56_W:56_;PARALLEL;5;1000;25.6019;0.0256018;9.90863e-05;

BatchNorm;N:32_C:2048_H:7_W:7_;PARALLEL;5;6000;27.4212;0.00457007;7.82484e-05;


