Name;Descriptor;Mode;Warmup;Iterations;Duration;Mean;StdDev;
BatchNorm;N:32_C:1_H:224_W:224_;PARALLEL;5;10000;2.60959;0.000260907;2.55453e-05;

BatchNorm;N:32_C:64_H:112_W:112_;PARALLEL;5;1000;7.29352;0.00729336;1.64891e-05;

BatchNorm;N:32_C:256_H:112_W:112_;PARALLEL;5;200;6.14875;0.0307436;2.12268e-05;

BatchNorm;N:32_C:256_H:56_W:56_;PARALLEL;5;1000;7.72985;0.00772969;3.14709e-05;

BatchNorm;N:32_C:2048_H:7_W:7_;PARALLEL;5;6000;5.3199;0.000886579;6.85458e-06;


