Name;Descriptor;Mode;Warmup;Iterations;Duration;Mean;StdDev;
BatchNorm;N:32_C:1_H:224_W:224_;PARALLEL;5;10000;2.78985;0.000278935;2.07389e-05;

BatchNorm;N:32_C:64_H:112_W:112_;PARALLEL;5;1000;7.07643;0.00707628;4.29137e-05;

BatchNorm;N:32_C:256_H:112_W:112_;PARALLEL;5;200;6.12413;0.0306205;0.000161254;

BatchNorm;N:32_C:256_H:56_W:56_;PARALLEL;5;1000;7.65391;0.00765377;4.66437e-05;

BatchNorm;N:32_C:2048_H:7_W:7_;PARALLEL;5;6000;4.12185;0.000686912;1.58515e-05;


