Name;Descriptor;Mode;Warmup;Iterations;Duration;Mean;StdDev;
BatchNorm;N:32_C:1_H:224_W:224_;PARALLEL;5;10000;2.61261;0.000261206;1.88717e-05;

BatchNorm;N:32_C:64_H:112_W:112_;PARALLEL;5;1000;7.06908;0.00706889;8.49132e-05;

BatchNorm;N:32_C:256_H:112_W:112_;PARALLEL;5;200;6.09136;0.0304566;4.7186e-05;

BatchNorm;N:32_C:256_H:56_W:56_;PARALLEL;5;1000;7.58203;0.00758183;2.34554e-05;

BatchNorm;N:32_C:2048_H:7_W:7_;PARALLEL;5;6000;4.39615;0.000732641;2.55583e-05;


