Name;Descriptor;Mode;Warmup;Iterations;Duration;Mean;StdDev;
BatchNorm;N:32_C:1_H:224_W:224_;PARALLEL;5;10000;2.77748;0.00027771;1.87715e-05;

BatchNorm;N:32_C:64_H:112_W:112_;PARALLEL;5;1000;7.41059;0.00741043;0.000158098;

BatchNorm;N:32_C:256_H:112_W:112_;PARALLEL;5;200;6.21934;0.0310965;3.41237e-05;

BatchNorm;N:32_C:256_H:56_W:56_;PARALLEL;5;1000;7.82225;0.00782206;3.1098e-05;

BatchNorm;N:32_C:2048_H:7_W:7_;PARALLEL;5;6000;5.54226;0.000923607;9.05163e-06;


