Name;Descriptor;Mode;Warmup;Iterations;Duration;Mean;StdDev;
BatchNorm;N:32_C:1_H:224_W:224_;PARALLEL;5;10000;3.73609;0.000373552;3.93834e-05;

BatchNorm;N:32_C:64_H:112_W:112_;PARALLEL;5;1000;9.63704;0.00963685;0.000108974;

BatchNorm;N:32_C:256_H:112_W:112_;PARALLEL;5;200;8.00698;0.0400347;0.000136327;

BatchNorm;N:32_C:256_H:56_W:56_;PARALLEL;5;1000;10.0296;0.0100294;0.000214111;

BatchNorm;N:32_C:2048_H:7_W:7_;PARALLEL;5;6000;7.59678;0.00126606;4.42398e-05;


