Name;Descriptor;Mode;Warmup;Iterations;Duration;Mean;StdDev;
BatchNorm;N:32_C:1_H:224_W:224_;PARALLEL;5;10000;3.84374;0.000384326;2.22712e-05;

BatchNorm;N:32_C:64_H:112_W:112_;PARALLEL;5;1000;8.55;0.00854983;0.000145373;

BatchNorm;N:32_C:256_H:112_W:112_;PARALLEL;5;200;7.08811;0.0354404;0.000166186;

BatchNorm;N:32_C:256_H:56_W:56_;PARALLEL;5;1000;8.82524;0.00882509;0.000148787;

BatchNorm;N:32_C:2048_H:7_W:7_;PARALLEL;5;6000;5.78418;0.000963909;8.47595e-05;


