Name;Descriptor;Mode;Warmup;Iterations;Duration;Mean;StdDev;
BatchNorm;N:32_C:1_H:224_W:224_;PARALLEL;5;10000;4.17489;0.000417381;7.62836e-05;

BatchNorm;N:32_C:64_H:112_W:112_;PARALLEL;5;1000;6.20553;0.00620528;0.00139433;

BatchNorm;N:32_C:256_H:112_W:112_;PARALLEL;5;200;5.69794;0.0284895;0.0047732;

BatchNorm;N:32_C:256_H:56_W:56_;PARALLEL;5;1000;5.92048;0.00592026;4.13634e-05;

BatchNorm;N:32_C:2048_H:7_W:7_;PARALLEL;5;6000;6.88167;0.00114682;1.09987e-05;


