Name;Descriptor;Mode;Warmup;Iterations;Duration;Mean;StdDev;
BatchNorm;N:32_C:1_H:224_W:224_;PARALLEL;5;10000;6.43035;0.00064292;0.000139624;

BatchNorm;N:32_C:64_H:112_W:112_;PARALLEL;5;1000;5.77312;0.00577292;0.00197728;

BatchNorm;N:32_C:256_H:112_W:112_;PARALLEL;5;200;3.69215;0.0184606;0.00176109;

BatchNorm;N:32_C:256_H:56_W:56_;PARALLEL;5;1000;4.97924;0.00497907;0.00118595;

BatchNorm;N:32_C:2048_H:7_W:7_;PARALLEL;5;6000;5.40604;0.000900904;1.14975e-05;


