Name;Descriptor;Mode;Warmup;Iterations;Duration;Mean;StdDev;
BatchNorm;N:32_C:1_H:224_W:224_;PARALLEL;5;10000;4.27394;0.000427312;0.000125992;

BatchNorm;N:32_C:64_H:112_W:112_;PARALLEL;5;1000;6.43769;0.00643741;0.00109066;

BatchNorm;N:32_C:256_H:112_W:112_;PARALLEL;5;200;5.13782;0.0256889;0.00275505;

BatchNorm;N:32_C:256_H:56_W:56_;PARALLEL;5;1000;6.71862;0.00671842;0.000887669;

BatchNorm;N:32_C:2048_H:7_W:7_;PARALLEL;5;6000;7.3645;0.00122736;5.41101e-06;


