Name;Descriptor;Mode;Warmup;Iterations;Duration;Mean;StdDev;
BatchNorm;N:32_C:1_H:224_W:224_;PARALLEL;5;10000;5.44797;0.000544682;0.000493322;

BatchNorm;N:32_C:64_H:112_W:112_;PARALLEL;5;1000;4.72532;0.00472508;0.0020935;

BatchNorm;N:32_C:256_H:112_W:112_;PARALLEL;5;200;5.02382;0.0251189;0.00370143;

BatchNorm;N:32_C:256_H:56_W:56_;PARALLEL;5;1000;4.64463;0.00464442;0.00113137;

BatchNorm;N:32_C:2048_H:7_W:7_;PARALLEL;5;6000;4.60213;0.000766982;2.76971e-05;


