Name;Descriptor;Mode;Warmup;Iterations;Duration;Mean;StdDev;
BatchNorm;N:32_C:1_H:224_W:224_;PARALLEL;5;10000;6.24819;0.000624697;0.000151027;

BatchNorm;N:32_C:64_H:112_W:112_;PARALLEL;5;1000;4.53271;0.00453251;0.00112292;

BatchNorm;N:32_C:256_H:112_W:112_;PARALLEL;5;200;4.86309;0.0243152;2.9029e-05;

BatchNorm;N:32_C:256_H:56_W:56_;PARALLEL;5;1000;4.8361;0.00483589;0.00102326;

BatchNorm;N:32_C:2048_H:7_W:7_;PARALLEL;5;6000;5.69324;0.00094883;9.16298e-06;


