Name;Descriptor;Mode;Warmup;Iterations;Duration;Mean;StdDev;
BatchNorm;N:32_C:1_H:224_W:224_;PARALLEL;5;10000;5.5994;0.000559866;0.000166545;

BatchNorm;N:32_C:64_H:112_W:112_;PARALLEL;5;1000;4.83765;0.00483744;0.000996639;

BatchNorm;N:32_C:256_H:112_W:112_;PARALLEL;5;200;5.55158;0.0277577;0.00635011;

BatchNorm;N:32_C:256_H:56_W:56_;PARALLEL;5;1000;5.60005;0.00559988;0.000675325;

BatchNorm;N:32_C:2048_H:7_W:7_;PARALLEL;5;6000;5.97378;0.000995573;1.75797e-05;


