Name;Descriptor;Mode;Warmup;Iterations;Duration;Mean;StdDev;
BatchNorm;N:32_C:1_H:224_W:224_;PARALLEL;5;10000;6.17944;0.000617858;0.000148844;

BatchNorm;N:32_C:64_H:112_W:112_;PARALLEL;5;1000;6.41672;0.00641657;0.00217115;

BatchNorm;N:32_C:256_H:112_W:112_;PARALLEL;5;200;4.92245;0.0246121;0.00558636;

BatchNorm;N:32_C:256_H:56_W:56_;PARALLEL;5;1000;4.80626;0.00480606;0.00107328;

BatchNorm;N:32_C:2048_H:7_W:7_;PARALLEL;5;6000;5.90995;0.000984949;1.35752e-05;


