Name;Descriptor;Mode;Warmup;Iterations;Duration;Mean;StdDev;
BatchNorm;N:32_C:1_H:224_W:224_;PARALLEL;5;10000;4.41545;0.000441458;9.33508e-05;

BatchNorm;N:32_C:64_H:112_W:112_;PARALLEL;5;1000;6.22565;0.00622543;0.00159028;

BatchNorm;N:32_C:256_H:112_W:112_;PARALLEL;5;200;6.52058;0.0326027;0.00423066;

BatchNorm;N:32_C:256_H:56_W:56_;PARALLEL;5;1000;7.23519;0.00723487;0.00133842;

BatchNorm;N:32_C:2048_H:7_W:7_;PARALLEL;5;6000;7.90315;0.00131714;1.83367e-05;


