Name;Descriptor;Mode;Warmup;Iterations;Duration;Mean;StdDev;
BatchNorm;N:32_C:1_H:224_W:224_;PARALLEL;5;10000;5.1672;0.000516607;0.000335368;

BatchNorm;N:32_C:64_H:112_W:112_;PARALLEL;5;1000;4.72537;0.00472513;0.00150776;

BatchNorm;N:32_C:256_H:112_W:112_;PARALLEL;5;200;3.53985;0.0176991;0.00197334;

BatchNorm;N:32_C:256_H:56_W:56_;PARALLEL;5;1000;5.09659;0.00509643;0.00128761;

BatchNorm;N:32_C:2048_H:7_W:7_;PARALLEL;5;6000;5.09367;0.000848882;0.000104145;


