Name;Descriptor;Mode;Warmup;Iterations;Duration;Mean;StdDev;
BatchNorm;N:32_C:1_H:224_W:224_;PARALLEL;5;10000;4.78584;0.000478498;0.000315013;

BatchNorm;N:32_C:64_H:112_W:112_;PARALLEL;5;1000;5.0155;0.00501528;0.00131176;

BatchNorm;N:32_C:256_H:112_W:112_;PARALLEL;5;200;4.85627;0.0242811;0.00584975;

BatchNorm;N:32_C:256_H:56_W:56_;PARALLEL;5;1000;5.33543;0.00533516;0.00102816;

BatchNorm;N:32_C:2048_H:7_W:7_;PARALLEL;5;6000;5.42648;0.000904351;0.000111996;


