Name;Descriptor;Mode;Warmup;Iterations;Duration;Mean;StdDev;
BatchNorm;N:32_C:1_H:224_W:224_;PARALLEL;5;10000;5.05248;0.000505161;0.00034883;

BatchNorm;N:32_C:64_H:112_W:112_;PARALLEL;5;1000;5.02141;0.00502119;0.00121565;

BatchNorm;N:32_C:256_H:112_W:112_;PARALLEL;5;200;5.05984;0.025299;0.000204466;

BatchNorm;N:32_C:256_H:56_W:56_;PARALLEL;5;1000;5.07928;0.00507907;0.00119355;

BatchNorm;N:32_C:2048_H:7_W:7_;PARALLEL;5;6000;5.37372;0.000895551;2.40654e-05;


