Name;Descriptor;Mode;Warmup;Iterations;Duration;Mean;StdDev;
BatchNorm;N:32_C:1_H:224_W:224_;PARALLEL;5;10000;4.90821;0.00049072;0.00026606;

BatchNorm;N:32_C:64_H:112_W:112_;PARALLEL;5;1000;5.06754;0.00506726;0.000987265;

BatchNorm;N:32_C:256_H:112_W:112_;PARALLEL;5;200;5.07435;0.0253714;0.00204466;

BatchNorm;N:32_C:256_H:56_W:56_;PARALLEL;5;1000;4.73765;0.00473731;3.67692e-05;

BatchNorm;N:32_C:2048_H:7_W:7_;PARALLEL;5;6000;5.26513;0.000877368;2.17951e-05;


