Name;Descriptor;Mode;Warmup;Iterations;Duration;Mean;StdDev;
BatchNorm;N:32_C:1_H:224_W:224_;PARALLEL;5;10000;7.33873;0.000733808;0.000133303;

BatchNorm;N:32_C:64_H:112_W:112_;PARALLEL;5;1000;11.3481;0.0113479;0.00119862;

BatchNorm;N:32_C:256_H:112_W:112_;PARALLEL;5;200;9.32268;0.0466132;0.000780728;

BatchNorm;N:32_C:256_H:56_W:56_;PARALLEL;5;1000;11.8335;0.0118333;0.000939049;

BatchNorm;N:32_C:2048_H:7_W:7_;PARALLEL;5;6000;14.9095;0.00248486;1.54919e-05;


