Name;Descriptor;Mode;Warmup;Iterations;Duration;Mean;StdDev;
BatchNorm;N:32_C:1_H:224_W:224_;PARALLEL;5;10000;8.82005;0.000881941;0.000112248;

BatchNorm;N:32_C:64_H:112_W:112_;PARALLEL;5;1000;14.0666;0.0140665;0.00210915;

BatchNorm;N:32_C:256_H:112_W:112_;PARALLEL;5;200;11.7792;0.0588959;0.000118528;

BatchNorm;N:32_C:256_H:56_W:56_;PARALLEL;5;1000;15.1139;0.0151137;0.000622447;

BatchNorm;N:32_C:2048_H:7_W:7_;PARALLEL;5;6000;18.5633;0.00309375;2.1904e-05;


