Name;Descriptor;Mode;Warmup;Iterations;Duration;Mean;StdDev;
BatchNorm;N:32_C:1_H:224_W:224_;PARALLEL;5;10000;5.87888;0.000587836;0.000102716;

BatchNorm;N:32_C:64_H:112_W:112_;PARALLEL;5;1000;7.39152;0.00739139;8.9686e-05;

BatchNorm;N:32_C:256_H:112_W:112_;PARALLEL;5;200;5.75868;0.0287932;0.00254353;

BatchNorm;N:32_C:256_H:56_W:56_;PARALLEL;5;1000;7.79747;0.00779732;7.09174e-05;

BatchNorm;N:32_C:2048_H:7_W:7_;PARALLEL;5;6000;8.98711;0.00149779;0.00010968;


