Name;Descriptor;Mode;Warmup;Iterations;Duration;Mean;StdDev;
BatchNorm;N:32_C:1_H:224_W:224_;PARALLEL;5;10000;4.70587;0.000470507;0.000176541;

BatchNorm;N:32_C:64_H:112_W:112_;PARALLEL;5;1000;6.21725;0.00621704;0.0010871;

BatchNorm;N:32_C:256_H:112_W:112_;PARALLEL;5;200;5.20848;0.0260422;0.00271462;

BatchNorm;N:32_C:256_H:56_W:56_;PARALLEL;5;1000;6.84307;0.00684291;0.00063095;

BatchNorm;N:32_C:2048_H:7_W:7_;PARALLEL;5;6000;6.95685;0.00115943;4.67735e-05;


