Name;Descriptor;Mode;Warmup;Iterations;Duration;Mean;StdDev;
BatchNorm;N:32_C:1_H:224_W:224_;PARALLEL;5;10000;5.22909;0.000522829;0.000405308;

BatchNorm;N:32_C:64_H:112_W:112_;PARALLEL;5;1000;4.38357;0.00438333;0.00129092;

BatchNorm;N:32_C:256_H:112_W:112_;PARALLEL;5;200;4.98393;0.0249194;0.00389079;

BatchNorm;N:32_C:256_H:56_W:56_;PARALLEL;5;1000;4.58593;0.00458552;0.00137596;

BatchNorm;N:32_C:2048_H:7_W:7_;PARALLEL;5;6000;4.86346;0.000810516;0.000122303;


