Name;Descriptor;Mode;Warmup;Iterations;Duration;Mean;StdDev;
BatchNorm;N:32_C:1_H:224_W:224_;PARALLEL;5;10000;5.62355;0.000562265;0.000394265;

BatchNorm;N:32_C:64_H:112_W:112_;PARALLEL;5;1000;4.77116;0.00477089;0.00124166;

BatchNorm;N:32_C:256_H:112_W:112_;PARALLEL;5;200;4.97869;0.0248932;0.000303879;

BatchNorm;N:32_C:256_H:56_W:56_;PARALLEL;5;1000;5.61946;0.00561917;0.000237694;

BatchNorm;N:32_C:2048_H:7_W:7_;PARALLEL;5;6000;4.78826;0.000797964;9.55713e-05;


