Name;Descriptor;Mode;Warmup;Iterations;Duration;Mean;StdDev;
BatchNorm;N:32_C:1_H:224_W:224_;PARALLEL;5;10000;4.87639;0.000487545;0.000246888;

BatchNorm;N:32_C:64_H:112_W:112_;PARALLEL;5;1000;5.30748;0.00530717;0.00128299;

BatchNorm;N:32_C:256_H:112_W:112_;PARALLEL;5;200;5.44086;0.0272041;0.000268061;

BatchNorm;N:32_C:256_H:56_W:56_;PARALLEL;5;1000;6.18261;0.0061823;4.85111e-05;

BatchNorm;N:32_C:2048_H:7_W:7_;PARALLEL;5;6000;5.82301;0.00097045;2.07387e-05;


