Name;Descriptor;Mode;Warmup;Iterations;Duration;Mean;StdDev;
BatchNorm;N:32_C:1_H:224_W:224_;PARALLEL;5;10000;4.85631;0.00048554;0.000229449;

BatchNorm;N:32_C:64_H:112_W:112_;PARALLEL;5;1000;6.01387;0.00601365;0.0010953;

BatchNorm;N:32_C:256_H:112_W:112_;PARALLEL;5;200;4.66961;0.0233479;0.00174772;

BatchNorm;N:32_C:256_H:56_W:56_;PARALLEL;5;1000;6.97072;0.00697047;0.00169823;

BatchNorm;N:32_C:2048_H:7_W:7_;PARALLEL;5;6000;6.66881;0.00111143;2.63021e-05;


