Name;Descriptor;Mode;Warmup;Iterations;Duration;Mean;StdDev;
BatchNorm;N:32_C:1_H:224_W:224_;PARALLEL;5;10000;5.62325;0.000562268;0.000109565;

BatchNorm;N:32_C:64_H:112_W:112_;PARALLEL;5;1000;10.4946;0.0104945;0.00171619;

BatchNorm;N:32_C:256_H:112_W:112_;PARALLEL;5;200;7.88398;0.0394198;0.00822775;

BatchNorm;N:32_C:256_H:56_W:56_;PARALLEL;5;1000;10.1156;0.0101154;1.67906e-05;

BatchNorm;N:32_C:2048_H:7_W:7_;PARALLEL;5;6000;12.026;0.00200427;1.26081e-05;


