Name;Descriptor;Mode;Warmup;Iterations;Duration;Mean;StdDev;
BatchNorm;N:32_C:1_H:224_W:224_;PARALLEL;5;10000;4.922;0.000492151;0.000142745;

BatchNorm;N:32_C:64_H:112_W:112_;PARALLEL;5;1000;6.10565;0.00610549;0.00252861;

BatchNorm;N:32_C:256_H:112_W:112_;PARALLEL;5;200;4.83912;0.0241954;0.00654802;

BatchNorm;N:32_C:256_H:56_W:56_;PARALLEL;5;1000;5.79801;0.00579785;0.00126769;

BatchNorm;N:32_C:2048_H:7_W:7_;PARALLEL;5;6000;6.43038;0.00107165;7.02218e-05;


