Name;Descriptor;Mode;Warmup;Iterations;Duration;Mean;StdDev;
BatchNorm;N:32_C:1_H:224_W:224_;PARALLEL;5;10000;4.8381;0.000483705;0.000230381;

BatchNorm;N:32_C:64_H:112_W:112_;PARALLEL;5;1000;4.91602;0.0049158;0.0010969;

BatchNorm;N:32_C:256_H:112_W:112_;PARALLEL;5;200;4.21056;0.0210526;0.00190027;

BatchNorm;N:32_C:256_H:56_W:56_;PARALLEL;5;1000;5.58958;0.00558935;0.00105551;

BatchNorm;N:32_C:2048_H:7_W:7_;PARALLEL;5;6000;5.68228;0.00094696;0.000114875;


