Name;Descriptor;Mode;Warmup;Iterations;Duration;Mean;StdDev;
BatchNorm;N:32_C:1_H:224_W:224_;PARALLEL;5;10000;17.4691;0.00174686;3.58794e-05;

BatchNorm;N:32_C:64_H:112_W:112_;PARALLEL;5;1000;32.5262;0.032526;0.000196275;

BatchNorm;N:32_C:256_H:112_W:112_;PARALLEL;5;200;25.941;0.129705;0.00186732;

BatchNorm;N:32_C:256_H:56_W:56_;PARALLEL;5;1000;32.6432;0.032643;0.000179975;

BatchNorm;N:32_C:2048_H:7_W:7_;PARALLEL;5;6000;49.7107;0.00828491;0.000136432;


