Name;Descriptor;Mode;Warmup;Iterations;Duration;Mean;StdDev;
BatchNorm;N:32_C:1_H:224_W:224_;PARALLEL;5;10000;4.17972;0.000417902;1.63979e-05;

BatchNorm;N:32_C:64_H:112_W:112_;PARALLEL;5;1000;11.6938;0.0116937;2.73445e-05;

BatchNorm;N:32_C:256_H:112_W:112_;PARALLEL;5;200;9.45279;0.0472638;7.52538e-05;

BatchNorm;N:32_C:256_H:56_W:56_;PARALLEL;5;1000;11.6996;0.0116995;3.96914e-05;

BatchNorm;N:32_C:2048_H:7_W:7_;PARALLEL;5;6000;15.8389;0.0026396;1.60824e-05;


