Name;Descriptor;Mode;Warmup;Iterations;Duration;Mean;StdDev;
BatchNorm;N:32_C:1_H:224_W:224_;PARALLEL;5;10000;5.57718;0.000557647;1.03426e-05;

BatchNorm;N:32_C:64_H:112_W:112_;PARALLEL;5;1000;12.796;0.0127958;2.39595e-05;

BatchNorm;N:32_C:256_H:112_W:112_;PARALLEL;5;200;10.2784;0.0513918;6.42605e-05;

BatchNorm;N:32_C:256_H:56_W:56_;PARALLEL;5;1000;12.6855;0.0126853;2.25924e-05;

BatchNorm;N:32_C:2048_H:7_W:7_;PARALLEL;5;6000;18.33;0.00305479;1.59644e-05;


