Name;Descriptor;Mode;Warmup;Iterations;Duration;Mean;StdDev;
BatchNorm;N:32_C:1_H:224_W:224_;PARALLEL;5;10000;11.9823;0.00119817;1.13153e-05;

BatchNorm;N:32_C:64_H:112_W:112_;PARALLEL;5;1000;22.9385;0.0229383;3.18583e-05;

BatchNorm;N:32_C:256_H:112_W:112_;PARALLEL;5;200;18.4445;0.0922224;7.18452e-05;

BatchNorm;N:32_C:256_H:56_W:56_;PARALLEL;5;1000;22.9445;0.0229443;2.82123e-05;

BatchNorm;N:32_C:2048_H:7_W:7_;PARALLEL;5;6000;33.3641;0.00556044;3.93761e-05;


