Name;Descriptor;Mode;Warmup;Iterations;Duration;Mean;StdDev;
BatchNorm;N:32_C:1_H:224_W:224_;PARALLEL;5;10000;4.20333;0.000420285;1.56157e-05;

BatchNorm;N:32_C:64_H:112_W:112_;PARALLEL;5;1000;11.1025;0.0111023;0.000158599;

BatchNorm;N:32_C:256_H:112_W:112_;PARALLEL;5;200;8.84962;0.0442478;0.000231047;

BatchNorm;N:32_C:256_H:56_W:56_;PARALLEL;5;1000;11.2797;0.0112795;3.39272e-05;

BatchNorm;N:32_C:2048_H:7_W:7_;PARALLEL;5;6000;12.9364;0.00215574;2.53372e-05;


