Name;Descriptor;Mode;Warmup;Iterations;Duration;Mean;StdDev;
BatchNorm;N:32_C:1_H:224_W:224_;PARALLEL;5;10000;7.67805;0.000767766;1.54169e-05;

BatchNorm;N:32_C:64_H:112_W:112_;PARALLEL;5;1000;15.8483;0.0158482;9.42299e-05;

BatchNorm;N:32_C:256_H:112_W:112_;PARALLEL;5;200;12.7979;0.0639895;0.0011667;

BatchNorm;N:32_C:256_H:56_W:56_;PARALLEL;5;1000;15.7529;0.0157528;7.81855e-05;

BatchNorm;N:32_C:2048_H:7_W:7_;PARALLEL;5;6000;20.4114;0.00340172;6.46073e-05;


