Name;Descriptor;Mode;Warmup;Iterations;Duration;Mean;StdDev;
BatchNorm;N:32_C:1_H:224_W:224_;PARALLEL;5;10000;4.20354;0.000420304;1.64361e-05;

BatchNorm;N:32_C:64_H:112_W:112_;PARALLEL;5;1000;11.2305;0.0112302;3.37057e-05;

BatchNorm;N:32_C:256_H:112_W:112_;PARALLEL;5;200;8.95736;0.0447866;8.48819e-05;

BatchNorm;N:32_C:256_H:56_W:56_;PARALLEL;5;1000;13.236;0.0132358;4.72454e-05;

BatchNorm;N:32_C:2048_H:7_W:7_;PARALLEL;5;6000;14.2104;0.00236812;1.40586e-05;


