Name;Descriptor;Mode;Warmup;Iterations;Duration;Mean;StdDev;
BatchNorm;N:32_C:1_H:224_W:224_;PARALLEL;5;10000;4.71464;0.000471426;1.41262e-05;

BatchNorm;N:32_C:64_H:112_W:112_;PARALLEL;5;1000;13.7632;0.013763;2.33432e-05;

BatchNorm;N:32_C:256_H:112_W:112_;PARALLEL;5;200;11.0881;0.0554402;5.31889e-05;

BatchNorm;N:32_C:256_H:56_W:56_;PARALLEL;5;1000;13.6258;0.0136256;2.71787e-05;

BatchNorm;N:32_C:2048_H:7_W:7_;PARALLEL;5;6000;20.3861;0.00339753;1.61056e-05;


