Name;Descriptor;Mode;Warmup;Iterations;Duration;Mean;StdDev;
BatchNorm;N:32_C:1_H:224_W:224_;PARALLEL;5;10000;2.99345;0.000299296;3.55772e-05;

BatchNorm;N:32_C:64_H:112_W:112_;PARALLEL;5;1000;11.0468;0.0110466;0.000172144;

BatchNorm;N:32_C:256_H:112_W:112_;PARALLEL;5;200;8.90037;0.0445016;0.000343508;

BatchNorm;N:32_C:256_H:56_W:56_;PARALLEL;5;1000;11.3354;0.0113352;0.000252217;

BatchNorm;N:32_C:2048_H:7_W:7_;PARALLEL;5;6000;12.5176;0.00208603;0.000226979;


