Name;Descriptor;Mode;Warmup;Iterations;Duration;Mean;StdDev;
BatchNorm;N:32_C:1_H:224_W:224_;PARALLEL;5;10000;4.19109;0.00041906;1.89723e-05;

BatchNorm;N:32_C:64_H:112_W:112_;PARALLEL;5;1000;11.4148;0.0114145;2.73895e-05;

BatchNorm;N:32_C:256_H:112_W:112_;PARALLEL;5;200;9.13261;0.0456628;0.000104393;

BatchNorm;N:32_C:256_H:56_W:56_;PARALLEL;5;1000;11.4694;0.0114692;4.5138e-05;

BatchNorm;N:32_C:2048_H:7_W:7_;PARALLEL;5;6000;14.5633;0.00242697;1.2678e-05;


