Name;Descriptor;Mode;Warmup;Iterations;Duration;Mean;StdDev;
BatchNorm;N:32_C:1_H:224_W:224_;PARALLEL;5;10000;11.7802;0.00117786;1.45144e-05;

BatchNorm;N:32_C:64_H:112_W:112_;PARALLEL;5;1000;23.9376;0.0239373;5.73615e-05;

BatchNorm;N:32_C:256_H:112_W:112_;PARALLEL;5;200;19.3826;0.0969129;0.000139051;

BatchNorm;N:32_C:256_H:56_W:56_;PARALLEL;5;1000;24.9133;0.0249131;5.82277e-05;

BatchNorm;N:32_C:2048_H:7_W:7_;PARALLEL;5;6000;26.243;0.00437364;1.99126e-05;


