Name;Descriptor;Mode;Warmup;Iterations;Duration;Mean;StdDev;
BatchNorm;N:32_C:1_H:224_W:224_;PARALLEL;5;10000;20.3703;0.00203687;3.33148e-05;

BatchNorm;N:32_C:64_H:112_W:112_;PARALLEL;5;1000;39.3862;0.039386;0.00014;

BatchNorm;N:32_C:256_H:112_W:112_;PARALLEL;5;200;31.7187;0.158593;0.000320655;

BatchNorm;N:32_C:256_H:56_W:56_;PARALLEL;5;1000;40.7597;0.0407594;0.000192449;

BatchNorm;N:32_C:2048_H:7_W:7_;PARALLEL;5;6000;41.1188;0.00685294;5.5082e-05;


