Name;Descriptor;Mode;Warmup;Iterations;Duration;Mean;StdDev;
BatchNorm;N:32_C:1_H:224_W:224_;PARALLEL;5;10000;5.52869;0.000552739;0.000104839;

BatchNorm;N:32_C:64_H:112_W:112_;PARALLEL;5;1000;10.473;0.0104727;0.00168521;

BatchNorm;N:32_C:256_H:112_W:112_;PARALLEL;5;200;9.9255;0.0496274;0.000123638;

BatchNorm;N:32_C:256_H:56_W:56_;PARALLEL;5;1000;10.4849;0.0104847;0.000399962;

BatchNorm;N:32_C:2048_H:7_W:7_;PARALLEL;5;6000;10.9219;0.00182026;2.3275e-05;


