Name;Descriptor;Mode;Warmup;Iterations;Duration;Mean;StdDev;
BatchNorm;N:32_C:1_H:224_W:224_;PARALLEL;5;10000;3.14619;0.000314465;0.000294406;

BatchNorm;N:32_C:64_H:112_W:112_;PARALLEL;5;1000;4.76384;0.00476352;0.00153539;

BatchNorm;N:32_C:256_H:112_W:112_;PARALLEL;5;200;4.28673;0.0214334;0.00613772;

BatchNorm;N:32_C:256_H:56_W:56_;PARALLEL;5;1000;5.29228;0.00529205;2.64927e-05;

BatchNorm;N:32_C:2048_H:7_W:7_;PARALLEL;5;6000;3.76568;0.00062746;8.37823e-05;


