Name;Descriptor;Mode;Warmup;Iterations;Duration;Mean;StdDev;
BatchNorm;N:32_C:1_H:224_W:224_;PARALLEL;5;10000;3.26292;0.000326086;0.000321469;

BatchNorm;N:32_C:64_H:112_W:112_;PARALLEL;5;1000;4.77683;0.00477656;0.00177098;

BatchNorm;N:32_C:256_H:112_W:112_;PARALLEL;5;200;4.98318;0.0249157;0.00148691;

BatchNorm;N:32_C:256_H:56_W:56_;PARALLEL;5;1000;5.024;0.0050238;0.000908076;

BatchNorm;N:32_C:2048_H:7_W:7_;PARALLEL;5;6000;3.45858;0.00057629;9.45895e-05;


