Name;Descriptor;Mode;Warmup;Iterations;Duration;Mean;StdDev;
BatchNorm;N:32_C:1_H:224_W:224_;PARALLEL;5;10000;3.35929;0.000335819;9.79928e-05;

BatchNorm;N:32_C:64_H:112_W:112_;PARALLEL;5;1000;6.53879;0.00653854;0.00136732;

BatchNorm;N:32_C:256_H:112_W:112_;PARALLEL;5;200;5.7809;0.0289042;0.00683753;

BatchNorm;N:32_C:256_H:56_W:56_;PARALLEL;5;1000;6.81664;0.00681632;2.95854e-05;

BatchNorm;N:32_C:2048_H:7_W:7_;PARALLEL;5;6000;5.80296;0.000966931;9.6725e-05;


