Name;Descriptor;Mode;Warmup;Iterations;Duration;Mean;StdDev;
BatchNorm;N:32_C:1_H:224_W:224_;PARALLEL;5;10000;2.22157;0.000221939;0.000125012;

BatchNorm;N:32_C:64_H:112_W:112_;PARALLEL;5;1000;5.40651;0.00540628;0.00148523;

BatchNorm;N:32_C:256_H:112_W:112_;PARALLEL;5;200;4.79078;0.0239538;0.00693432;

BatchNorm;N:32_C:256_H:56_W:56_;PARALLEL;5;1000;6.1086;0.00610841;2.25625e-05;

BatchNorm;N:32_C:2048_H:7_W:7_;PARALLEL;5;6000;4.88957;0.000814777;7.53711e-05;


