Name;Descriptor;Mode;Warmup;Iterations;Duration;Mean;StdDev;
BatchNorm;N:32_C:1_H:224_W:224_;PARALLEL;5;10000;5.62382;0.000562231;0.000125395;

BatchNorm;N:32_C:64_H:112_W:112_;PARALLEL;5;1000;10.1358;0.0101354;0.00123873;

BatchNorm;N:32_C:256_H:112_W:112_;PARALLEL;5;200;8.53584;0.0426789;0.00089318;

BatchNorm;N:32_C:256_H:56_W:56_;PARALLEL;5;1000;9.91476;0.00991448;0.00122947;

BatchNorm;N:32_C:2048_H:7_W:7_;PARALLEL;5;6000;10.0962;0.00168255;7.54639e-05;


