Name;Descriptor;Mode;Warmup;Iterations;Duration;Mean;StdDev;
BatchNorm;N:32_C:1_H:224_W:224_;PARALLEL;5;10000;4.49561;0.000449403;9.66645e-05;

BatchNorm;N:32_C:64_H:112_W:112_;PARALLEL;5;1000;6.95465;0.00695444;0.00178961;

BatchNorm;N:32_C:256_H:112_W:112_;PARALLEL;5;200;5.88101;0.0294049;0.00583606;

BatchNorm;N:32_C:256_H:56_W:56_;PARALLEL;5;1000;6.81874;0.00681853;0.000864703;

BatchNorm;N:32_C:2048_H:7_W:7_;PARALLEL;5;6000;5.96097;0.000993378;2.40654e-05;


