Name;Descriptor;Mode;Warmup;Iterations;Duration;Mean;StdDev;
BatchNorm;N:32_C:1_H:224_W:224_;PARALLEL;5;10000;3.55486;0.000355344;8.95297e-05;

BatchNorm;N:32_C:64_H:112_W:112_;PARALLEL;5;1000;5.60245;0.00560228;0.00150509;

BatchNorm;N:32_C:256_H:112_W:112_;PARALLEL;5;200;4.5616;0.0228078;0.00549486;

BatchNorm;N:32_C:256_H:56_W:56_;PARALLEL;5;1000;5.02538;0.00502521;0.000681449;

BatchNorm;N:32_C:2048_H:7_W:7_;PARALLEL;5;6000;4.05787;0.00067616;0.000100211;


