Name;Descriptor;Mode;Warmup;Iterations;Duration;Mean;StdDev;
BatchNorm;N:32_C:1_H:224_W:224_;PARALLEL;5;10000;3.51151;0.000350953;0.000533261;

BatchNorm;N:32_C:64_H:112_W:112_;PARALLEL;5;1000;5.19891;0.00519859;0.00208418;

BatchNorm;N:32_C:256_H:112_W:112_;PARALLEL;5;200;3.9122;0.0195607;0.00236624;

BatchNorm;N:32_C:256_H:56_W:56_;PARALLEL;5;1000;4.78492;0.00478461;0.00109724;

BatchNorm;N:32_C:2048_H:7_W:7_;PARALLEL;5;6000;3.02952;0.000504752;1.92125e-05;


