Name;Descriptor;Mode;Warmup;Iterations;Duration;Mean;StdDev;
BatchNorm;N:32_C:1_H:224_W:224_;PARALLEL;5;10000;3.69716;0.000369562;9.03305e-05;

BatchNorm;N:32_C:64_H:112_W:112_;PARALLEL;5;1000;5.85351;0.00585328;0.00170355;

BatchNorm;N:32_C:256_H:112_W:112_;PARALLEL;5;200;4.8857;0.0244283;0.000241917;

BatchNorm;N:32_C:256_H:56_W:56_;PARALLEL;5;1000;6.23673;0.00623653;0.00177047;

BatchNorm;N:32_C:2048_H:7_W:7_;PARALLEL;5;6000;4.35955;0.000726464;0.000112667;


