Name;Descriptor;Mode;Warmup;Iterations;Duration;Mean;StdDev;
BatchNorm;N:32_C:1_H:224_W:224_;PARALLEL;5;10000;3.88333;0.000388199;8.53997e-05;

BatchNorm;N:32_C:64_H:112_W:112_;PARALLEL;5;1000;6.7831;0.00678284;0.00136107;

BatchNorm;N:32_C:256_H:112_W:112_;PARALLEL;5;200;5.53253;0.0276625;0.00752271;

BatchNorm;N:32_C:256_H:56_W:56_;PARALLEL;5;1000;5.3479;0.00534767;0.00140863;

BatchNorm;N:32_C:2048_H:7_W:7_;PARALLEL;5;6000;4.21748;0.000702768;1.88234e-05;


