Name;Descriptor;Mode;Warmup;Iterations;Duration;Mean;StdDev;
BatchNorm;N:32_C:1_H:224_W:224_;PARALLEL;5;10000;2.57323;0.000257145;0.000138632;

BatchNorm;N:32_C:64_H:112_W:112_;PARALLEL;5;1000;5.71627;0.00571592;0.00119757;

BatchNorm;N:32_C:256_H:112_W:112_;PARALLEL;5;200;4.99961;0.0249979;7.36662e-05;

BatchNorm;N:32_C:256_H:56_W:56_;PARALLEL;5;1000;5.61304;0.00561284;8.98891e-05;

BatchNorm;N:32_C:2048_H:7_W:7_;PARALLEL;5;6000;4.74361;0.000790446;3.89745e-06;


