Name;Descriptor;Mode;Warmup;Iterations;Duration;Mean;StdDev;
BatchNorm;N:32_C:1_H:224_W:224_;PARALLEL;5;10000;3.13308;0.000313163;0.000440039;

BatchNorm;N:32_C:64_H:112_W:112_;PARALLEL;5;1000;4.14112;0.0041409;0.00151364;

BatchNorm;N:32_C:256_H:112_W:112_;PARALLEL;5;200;4.93595;0.0246795;0.00234897;

BatchNorm;N:32_C:256_H:56_W:56_;PARALLEL;5;1000;4.21324;0.00421303;0.00146669;

BatchNorm;N:32_C:2048_H:7_W:7_;PARALLEL;5;6000;2.93068;0.000488235;8.55899e-05;


