Name;Descriptor;Mode;Warmup;Iterations;Duration;Mean;StdDev;
BatchNorm;N:32_C:1_H:224_W:224_;PARALLEL;5;10000;3.3601;0.000335891;0.000106322;

BatchNorm;N:32_C:64_H:112_W:112_;PARALLEL;5;1000;6.08925;0.00608905;0.001802;

BatchNorm;N:32_C:256_H:112_W:112_;PARALLEL;5;200;5.49428;0.0274712;0.0074392;

BatchNorm;N:32_C:256_H:56_W:56_;PARALLEL;5;1000;6.58047;0.00658028;4.95793e-05;

BatchNorm;N:32_C:2048_H:7_W:7_;PARALLEL;5;6000;5.35612;0.000892479;0.000105762;


