Name;Descriptor;Mode;Warmup;Iterations;Duration;Mean;StdDev;
BatchNorm;N:32_C:1_H:224_W:224_;PARALLEL;5;10000;3.22627;0.000322443;0.000123076;

BatchNorm;N:32_C:64_H:112_W:112_;PARALLEL;5;1000;6.40587;0.00640569;0.00139595;

BatchNorm;N:32_C:256_H:112_W:112_;PARALLEL;5;200;5.60523;0.028026;0.0029262;

BatchNorm;N:32_C:256_H:56_W:56_;PARALLEL;5;1000;6.51966;0.00651949;0.00118149;

BatchNorm;N:32_C:2048_H:7_W:7_;PARALLEL;5;6000;5.67661;0.000946002;3.10875e-05;


