Name;Descriptor;Mode;Warmup;Iterations;Duration;Mean;StdDev;
BatchNorm;N:32_C:1_H:224_W:224_;PARALLEL;5;10000;20.0613;0.00200605;0.000134893;

BatchNorm;N:32_C:64_H:112_W:112_;PARALLEL;5;1000;37.0097;0.0370095;0.00367502;

BatchNorm;N:32_C:256_H:112_W:112_;PARALLEL;5;200;32.5698;0.162849;0.000151207;

BatchNorm;N:32_C:256_H:56_W:56_;PARALLEL;5;1000;38.4948;0.0384947;0.00283805;

BatchNorm;N:32_C:2048_H:7_W:7_;PARALLEL;5;6000;41.4225;0.00690364;0.000207507;


