Name;Descriptor;Mode;Warmup;Iterations;Duration;Mean;StdDev;
BatchNorm;N:32_C:1_H:224_W:224_;PARALLEL;5;10000;3.57044;0.000356902;8.96007e-05;

BatchNorm;N:32_C:64_H:112_W:112_;PARALLEL;5;1000;6.33844;0.00633823;0.00186764;

BatchNorm;N:32_C:256_H:112_W:112_;PARALLEL;5;200;4.61251;0.0230623;0.0026878;

BatchNorm;N:32_C:256_H:56_W:56_;PARALLEL;5;1000;6.14721;0.00614699;0.000428796;

BatchNorm;N:32_C:2048_H:7_W:7_;PARALLEL;5;6000;4.48989;0.000748207;0.000112404;


