Name;Descriptor;Mode;Warmup;Iterations;Duration;Mean;StdDev;
BatchNorm;N:32_C:1_H:224_W:224_;PARALLEL;5;10000;9.42287;0.000942162;9.92911e-05;

BatchNorm;N:32_C:64_H:112_W:112_;PARALLEL;5;1000;16.2058;0.0162056;0.00197788;

BatchNorm;N:32_C:256_H:112_W:112_;PARALLEL;5;200;13.6941;0.0684701;0.000193196;

BatchNorm;N:32_C:256_H:56_W:56_;PARALLEL;5;1000;16.8442;0.0168439;6.20393e-05;

BatchNorm;N:32_C:2048_H:7_W:7_;PARALLEL;5;6000;19.2401;0.00320652;0.000288828;


