Name;Descriptor;Mode;Warmup;Iterations;Duration;Mean;StdDev;
BatchNorm;N:32_C:1_H:224_W:224_;PARALLEL;5;10000;3.67398;0.000367301;8.18124e-05;

BatchNorm;N:32_C:64_H:112_W:112_;PARALLEL;5;1000;4.88992;0.00488965;0.00147044;

BatchNorm;N:32_C:256_H:112_W:112_;PARALLEL;5;200;4.01878;0.0200937;0.00271688;

BatchNorm;N:32_C:256_H:56_W:56_;PARALLEL;5;1000;5.29703;0.00529684;1.97113e-05;

BatchNorm;N:32_C:2048_H:7_W:7_;PARALLEL;5;6000;3.70275;0.000617055;4.53353e-06;


