Name;Descriptor;Mode;Warmup;Iterations;Duration;Mean;StdDev;
BatchNorm;N:32_C:1_H:224_W:224_;PARALLEL;5;10000;3.14945;0.000314735;0.000302932;

BatchNorm;N:32_C:64_H:112_W:112_;PARALLEL;5;1000;4.81283;0.00481241;0.00137978;

BatchNorm;N:32_C:256_H:112_W:112_;PARALLEL;5;200;4.61801;0.0230898;0.00771524;

BatchNorm;N:32_C:256_H:56_W:56_;PARALLEL;5;1000;4.87816;0.00487799;1.61445e-05;

BatchNorm;N:32_C:2048_H:7_W:7_;PARALLEL;5;6000;3.47449;0.000579003;1.33857e-05;


