Name;Descriptor;Mode;Warmup;Iterations;Duration;Mean;StdDev;
BatchNorm;N:32_C:1_H:224_W:224_;PARALLEL;5;10000;3.66033;0.000365881;0.000101364;

BatchNorm;N:32_C:64_H:112_W:112_;PARALLEL;5;1000;5.68058;0.00568032;0.00194267;

BatchNorm;N:32_C:256_H:112_W:112_;PARALLEL;5;200;4.69429;0.0234712;0.00138666;

BatchNorm;N:32_C:256_H:56_W:56_;PARALLEL;5;1000;5.43269;0.00543248;0.00132682;

BatchNorm;N:32_C:2048_H:7_W:7_;PARALLEL;5;6000;3.93605;0.00065591;1.51171e-05;


