Name;Descriptor;Mode;Warmup;Iterations;Duration;Mean;StdDev;
BatchNorm;N:32_C:1_H:224_W:224_;PARALLEL;5;10000;5.61376;0.000561303;0.000112068;

BatchNorm;N:32_C:64_H:112_W:112_;PARALLEL;5;1000;9.0155;0.00901528;0.00167968;

BatchNorm;N:32_C:256_H:112_W:112_;PARALLEL;5;200;7.82954;0.0391475;4.68046e-05;

BatchNorm;N:32_C:256_H:56_W:56_;PARALLEL;5;1000;9.40865;0.00940841;0.00159015;

BatchNorm;N:32_C:2048_H:7_W:7_;PARALLEL;5;6000;8.80388;0.0014672;1.06125e-05;


