Name;Descriptor;Mode;Warmup;Iterations;Duration;Mean;StdDev;
BatchNorm;N:32_C:1_H:224_W:224_;PARALLEL;5;10000;3.0756;0.000307326;0.000274646;

BatchNorm;N:32_C:64_H:112_W:112_;PARALLEL;5;1000;4.7707;0.00477039;0.00112131;

BatchNorm;N:32_C:256_H:112_W:112_;PARALLEL;5;200;4.0949;0.0204742;0.00471397;

BatchNorm;N:32_C:256_H:56_W:56_;PARALLEL;5;1000;4.84996;0.00484961;0.000997103;

BatchNorm;N:32_C:2048_H:7_W:7_;PARALLEL;5;6000;3.64488;0.000607355;0.000128524;


