Name;Descriptor;Mode;Warmup;Iterations;Duration;Mean;StdDev;
BatchNorm;N:32_C:1_H:224_W:224_;PARALLEL;5;10000;2.09225;0.000209012;8.67339e-05;

BatchNorm;N:32_C:64_H:112_W:112_;PARALLEL;5;1000;5.58351;0.0055833;0.00196879;

BatchNorm;N:32_C:256_H:112_W:112_;PARALLEL;5;200;4.33109;0.0216553;0.00502869;

BatchNorm;N:32_C:256_H:56_W:56_;PARALLEL;5;1000;5.50002;0.00549986;0.00113198;

BatchNorm;N:32_C:2048_H:7_W:7_;PARALLEL;5;6000;3.43122;0.000571737;8.43622e-05;


