Name;Descriptor;Mode;Warmup;Iterations;Duration;Mean;StdDev;
BatchNorm;N:32_C:1_H:224_W:224_;PARALLEL;5;10000;4.41801;0.000441747;8.14466e-05;

BatchNorm;N:32_C:64_H:112_W:112_;PARALLEL;5;1000;6.87109;0.0068709;0.000966206;

BatchNorm;N:32_C:256_H:112_W:112_;PARALLEL;5;200;6.11281;0.0305639;0.00569366;

BatchNorm;N:32_C:256_H:56_W:56_;PARALLEL;5;1000;7.32995;0.00732979;0.000953713;

BatchNorm;N:32_C:2048_H:7_W:7_;PARALLEL;5;6000;6.91721;0.0011528;3.56572e-05;


