Name;Descriptor;Mode;Warmup;Iterations;Duration;Mean;StdDev;
BatchNorm;N:32_C:1_H:224_W:224_;PARALLEL;5;10000;2.6329;0.00026307;5.56278e-05;

BatchNorm;N:32_C:64_H:112_W:112_;PARALLEL;5;1000;3.72624;0.00372585;0.0011143;

BatchNorm;N:32_C:256_H:112_W:112_;PARALLEL;5;200;4.84445;0.0242219;0.0017591;

BatchNorm;N:32_C:256_H:56_W:56_;PARALLEL;5;1000;3.87918;0.0038788;0.000886135;

BatchNorm;N:32_C:2048_H:7_W:7_;PARALLEL;5;6000;4.14507;0.000690643;9.68019e-05;


