Name;Descriptor;Mode;Warmup;Iterations;Duration;Mean;StdDev;
BatchNorm;N:32_C:1_H:224_W:224_;PARALLEL;5;10000;2.24335;0.000224204;5.50403e-05;

BatchNorm;N:32_C:64_H:112_W:112_;PARALLEL;5;1000;5.00766;0.00500743;0.00108895;

BatchNorm;N:32_C:256_H:112_W:112_;PARALLEL;5;200;3.9144;0.0195717;0.00218365;

BatchNorm;N:32_C:256_H:56_W:56_;PARALLEL;5;1000;4.52973;0.00452953;0.0013179;

BatchNorm;N:32_C:2048_H:7_W:7_;PARALLEL;5;6000;4.85652;0.000809365;9.68304e-05;


