Name;Descriptor;Mode;Warmup;Iterations;Duration;Mean;StdDev;
BatchNorm;N:32_C:1_H:224_W:224_;PARALLEL;5;10000;2.63629;0.000263472;7.53201e-05;

BatchNorm;N:32_C:64_H:112_W:112_;PARALLEL;5;1000;3.62407;0.00362382;0.00112634;

BatchNorm;N:32_C:256_H:112_W:112_;PARALLEL;5;200;4.77898;0.0238946;0.00488536;

BatchNorm;N:32_C:256_H:56_W:56_;PARALLEL;5;1000;4.39856;0.00439829;0.00116344;

BatchNorm;N:32_C:2048_H:7_W:7_;PARALLEL;5;6000;4.12682;0.000687696;2.02126e-05;


