Name;Descriptor;Mode;Warmup;Iterations;Duration;Mean;StdDev;
BatchNorm;N:32_C:1_H:224_W:224_;PARALLEL;5;10000;2.41279;0.000241188;6.87061e-05;

BatchNorm;N:32_C:64_H:112_W:112_;PARALLEL;5;1000;4.33943;0.00433923;0.00142193;

BatchNorm;N:32_C:256_H:112_W:112_;PARALLEL;5;200;4.96178;0.0248086;0.00514458;

BatchNorm;N:32_C:256_H:56_W:56_;PARALLEL;5;1000;4.14719;0.004147;0.00136525;

BatchNorm;N:32_C:2048_H:7_W:7_;PARALLEL;5;6000;4.51054;0.000751722;8.04853e-05;


