Name;Descriptor;Mode;Warmup;Iterations;Duration;Mean;StdDev;
BatchNorm;N:32_C:1_H:224_W:224_;PARALLEL;5;10000;2.3875;0.000238619;7.15399e-05;

BatchNorm;N:32_C:64_H:112_W:112_;PARALLEL;5;1000;4.57389;0.00457356;0.00118355;

BatchNorm;N:32_C:256_H:112_W:112_;PARALLEL;5;200;4.28612;0.0214303;0.00565326;

BatchNorm;N:32_C:256_H:56_W:56_;PARALLEL;5;1000;4.90739;0.00490716;0.0011259;

BatchNorm;N:32_C:2048_H:7_W:7_;PARALLEL;5;6000;4.76773;0.000794588;1.80849e-05;


