Name;Descriptor;Mode;Warmup;Iterations;Duration;Mean;StdDev;
BatchNorm;N:32_C:1_H:224_W:224_;PARALLEL;5;10000;3.49173;0.000349125;9.15033e-05;

BatchNorm;N:32_C:64_H:112_W:112_;PARALLEL;5;1000;6.17943;0.00617907;0.00122147;

BatchNorm;N:32_C:256_H:112_W:112_;PARALLEL;5;200;5.51038;0.0275516;0.00219388;

BatchNorm;N:32_C:256_H:56_W:56_;PARALLEL;5;1000;6.15243;0.0061521;0.00101106;

BatchNorm;N:32_C:2048_H:7_W:7_;PARALLEL;5;6000;6.1276;0.00102121;4.79044e-05;


