Name;Descriptor;Mode;Warmup;Iterations;Duration;Mean;StdDev;
BatchNorm;N:32_C:1_H:224_W:224_;PARALLEL;5;10000;2.59982;0.000259872;6.24587e-05;

BatchNorm;N:32_C:64_H:112_W:112_;PARALLEL;5;1000;3.76753;0.00376739;0.00130467;

BatchNorm;N:32_C:256_H:112_W:112_;PARALLEL;5;200;4.81389;0.0240693;0.00222701;

BatchNorm;N:32_C:256_H:56_W:56_;PARALLEL;5;1000;3.90726;0.00390713;0.000893218;

BatchNorm;N:32_C:2048_H:7_W:7_;PARALLEL;5;6000;4.23277;0.000705424;0.000107405;


