Name;Descriptor;Mode;Warmup;Iterations;Duration;Mean;StdDev;
BatchNorm;N:32_C:1_H:224_W:224_;PARALLEL;5;10000;2.54262;0.000254159;5.95831e-05;

BatchNorm;N:32_C:64_H:112_W:112_;PARALLEL;5;1000;4.27915;0.0042789;0.00116539;

BatchNorm;N:32_C:256_H:112_W:112_;PARALLEL;5;200;4.43011;0.0221503;0.00526143;

BatchNorm;N:32_C:256_H:56_W:56_;PARALLEL;5;1000;4.47405;0.00447381;0.000259916;

BatchNorm;N:32_C:2048_H:7_W:7_;PARALLEL;5;6000;4.27708;0.000712735;7.53628e-05;


