Name;Descriptor;Mode;Warmup;Iterations;Duration;Mean;StdDev;
BatchNorm;N:32_C:1_H:224_W:224_;PARALLEL;5;10000;3.45667;0.000345618;8.17693e-05;

BatchNorm;N:32_C:64_H:112_W:112_;PARALLEL;5;1000;6.02035;0.00601998;0.00162199;

BatchNorm;N:32_C:256_H:112_W:112_;PARALLEL;5;200;4.94087;0.024704;5.86045e-05;

BatchNorm;N:32_C:256_H:56_W:56_;PARALLEL;5;1000;6.13491;0.00613458;0.000863466;

BatchNorm;N:32_C:2048_H:7_W:7_;PARALLEL;5;6000;5.87959;0.000979881;0.000150854;


