Name;Descriptor;Mode;Warmup;Iterations;Duration;Mean;StdDev;
BatchNorm;N:32_C:1_H:224_W:224_;PARALLEL;5;10000;2.5332;0.000253097;4.58743e-05;

BatchNorm;N:32_C:64_H:112_W:112_;PARALLEL;5;1000;3.69902;0.00369866;0.00140391;

BatchNorm;N:32_C:256_H:112_W:112_;PARALLEL;5;200;4.89614;0.0244803;0.000620093;

BatchNorm;N:32_C:256_H:56_W:56_;PARALLEL;5;1000;3.7485;0.00374814;0.000864914;

BatchNorm;N:32_C:2048_H:7_W:7_;PARALLEL;5;6000;4.2361;0.000705977;2.12049e-05;


