Name;Descriptor;Mode;Warmup;Iterations;Duration;Mean;StdDev;
BatchNorm;N:32_C:1_H:224_W:224_;PARALLEL;5;10000;2.23906;0.000223754;5.33361e-05;

BatchNorm;N:32_C:64_H:112_W:112_;PARALLEL;5;1000;5.03304;0.00503266;0.00113634;

BatchNorm;N:32_C:256_H:112_W:112_;PARALLEL;5;200;4.00626;0.0200309;0.0021023;

BatchNorm;N:32_C:256_H:56_W:56_;PARALLEL;5;1000;5.4438;0.00544346;2.40394e-05;

BatchNorm;N:32_C:2048_H:7_W:7_;PARALLEL;5;6000;4.89203;0.000815279;6.57987e-05;


