Name;Descriptor;Mode;Warmup;Iterations;Duration;Mean;StdDev;
BatchNorm;N:32_C:1_H:224_W:224_;PARALLEL;5;10000;2.57801;0.000257661;5.44503e-05;

BatchNorm;N:32_C:64_H:112_W:112_;PARALLEL;5;1000;3.75455;0.0037543;0.00103251;

BatchNorm;N:32_C:256_H:112_W:112_;PARALLEL;5;200;4.85804;0.02429;0.000822819;

BatchNorm;N:32_C:256_H:56_W:56_;PARALLEL;5;1000;3.79771;0.00379746;0.000916821;

BatchNorm;N:32_C:2048_H:7_W:7_;PARALLEL;5;6000;4.16764;0.000694487;6.04493e-05;


