Name;Descriptor;Mode;Warmup;Iterations;Duration;Mean;StdDev;
BatchNorm;N:32_C:1_H:224_W:224_;PARALLEL;5;10000;3.52121;0.000352074;8.69228e-05;

BatchNorm;N:32_C:64_H:112_W:112_;PARALLEL;5;1000;5.59032;0.00558991;0.00132864;

BatchNorm;N:32_C:256_H:112_W:112_;PARALLEL;5;200;5.29463;0.0264728;0.00328069;

BatchNorm;N:32_C:256_H:56_W:56_;PARALLEL;5;1000;5.99106;0.0059907;0.00102703;

BatchNorm;N:32_C:2048_H:7_W:7_;PARALLEL;5;6000;5.488;0.00091463;8.34604e-05;


