Name;Descriptor;Mode;Warmup;Iterations;Duration;Mean;StdDev;
BatchNorm;N:32_C:1_H:224_W:224_;PARALLEL;5;10000;2.39885;0.000239764;9.17998e-05;

BatchNorm;N:32_C:64_H:112_W:112_;PARALLEL;5;1000;4.21092;0.00421054;0.00109229;

BatchNorm;N:32_C:256_H:112_W:112_;PARALLEL;5;200;4.34735;0.0217364;0.00533187;

BatchNorm;N:32_C:256_H:56_W:56_;PARALLEL;5;1000;4.74582;0.00474546;0.00096675;

BatchNorm;N:32_C:2048_H:7_W:7_;PARALLEL;5;6000;4.48783;0.00074789;0.000106247;


