Name;Descriptor;Mode;Warmup;Iterations;Duration;Mean;StdDev;
BatchNorm;N:32_C:1_H:224_W:224_;PARALLEL;5;10000;2.5345;0.000253321;5.4707e-05;

BatchNorm;N:32_C:64_H:112_W:112_;PARALLEL;5;1000;3.92705;0.0039268;0.00129454;

BatchNorm;N:32_C:256_H:112_W:112_;PARALLEL;5;200;4.77825;0.023891;0.00263988;

BatchNorm;N:32_C:256_H:56_W:56_;PARALLEL;5;1000;4.03064;0.00403042;0.00102413;

BatchNorm;N:32_C:2048_H:7_W:7_;PARALLEL;5;6000;4.32108;0.000720117;0.00011704;


