Name;Descriptor;Mode;Warmup;Iterations;Duration;Mean;StdDev;
BatchNorm;N:32_C:1_H:224_W:224_;PARALLEL;5;10000;5.59102;0.000559037;9.31931e-05;

BatchNorm;N:32_C:64_H:112_W:112_;PARALLEL;5;1000;9.70848;0.00970815;0.00185511;

BatchNorm;N:32_C:256_H:112_W:112_;PARALLEL;5;200;8.50098;0.0425045;0.000971149;

BatchNorm;N:32_C:256_H:56_W:56_;PARALLEL;5;1000;9.96564;0.00996531;0.00168553;

BatchNorm;N:32_C:2048_H:7_W:7_;PARALLEL;5;6000;10.5681;0.0017613;1.94748e-05;


