Name;Descriptor;Mode;Warmup;Iterations;Duration;Mean;StdDev;
BatchNorm;N:32_C:1_H:224_W:224_;PARALLEL;5;10000;2.59217;0.000259127;8.43773e-05;

BatchNorm;N:32_C:64_H:112_W:112_;PARALLEL;5;1000;3.81852;0.00381838;0.00129584;

BatchNorm;N:32_C:256_H:112_W:112_;PARALLEL;5;200;4.84588;0.0242292;0.000668328;

BatchNorm;N:32_C:256_H:56_W:56_;PARALLEL;5;1000;3.91973;0.00391961;0.000860145;

BatchNorm;N:32_C:2048_H:7_W:7_;PARALLEL;5;6000;4.29248;0.000715357;7.17819e-05;


