Name;Descriptor;Mode;Warmup;Iterations;Duration;Mean;StdDev;
BatchNorm;N:32_C:1_H:224_W:224_;PARALLEL;5;10000;2.50827;0.000250664;5.99461e-05;

BatchNorm;N:32_C:64_H:112_W:112_;PARALLEL;5;1000;4.00773;0.00400743;0.00120269;

BatchNorm;N:32_C:256_H:112_W:112_;PARALLEL;5;200;4.90033;0.0245013;0.000645931;

BatchNorm;N:32_C:256_H:56_W:56_;PARALLEL;5;1000;4.0348;0.00403449;0.00122371;

BatchNorm;N:32_C:2048_H:7_W:7_;PARALLEL;5;6000;4.42135;0.000736764;5.16835e-05;


