Name;Descriptor;Mode;Warmup;Iterations;Duration;Mean;StdDev;
BatchNorm;N:32_C:1_H:224_W:224_;PARALLEL;5;10000;2.38439;0.000238306;5.2465e-05;

BatchNorm;N:32_C:64_H:112_W:112_;PARALLEL;5;1000;4.31131;0.00431099;0.00107803;

BatchNorm;N:32_C:256_H:112_W:112_;PARALLEL;5;200;3.86581;0.0193287;0.00325648;

BatchNorm;N:32_C:256_H:56_W:56_;PARALLEL;5;1000;4.56539;0.00456514;0.000932177;

BatchNorm;N:32_C:2048_H:7_W:7_;PARALLEL;5;6000;4.53096;0.000755086;2.38326e-05;


