Name;Descriptor;Mode;Warmup;Iterations;Duration;Mean;StdDev;
BatchNorm;N:32_C:1_H:224_W:224_;PARALLEL;5;10000;2.54749;0.000254598;6.41921e-05;

BatchNorm;N:32_C:64_H:112_W:112_;PARALLEL;5;1000;3.80713;0.00380685;0.00128137;

BatchNorm;N:32_C:256_H:112_W:112_;PARALLEL;5;200;3.38578;0.0169286;0.00243426;

BatchNorm;N:32_C:256_H:56_W:56_;PARALLEL;5;1000;4.77006;0.00476972;0.00108883;

BatchNorm;N:32_C:2048_H:7_W:7_;PARALLEL;5;6000;4.26216;0.000710176;2.0674e-05;


