Name;Descriptor;Mode;Warmup;Iterations;Duration;Mean;StdDev;
BatchNorm;N:32_C:1_H:224_W:224_;PARALLEL;5;10000;5.59105;0.000559042;0.000108219;

BatchNorm;N:32_C:64_H:112_W:112_;PARALLEL;5;1000;8.72525;0.00872502;0.00153042;

BatchNorm;N:32_C:256_H:112_W:112_;PARALLEL;5;200;7.73111;0.0386554;4.02229e-05;

BatchNorm;N:32_C:256_H:56_W:56_;PARALLEL;5;1000;9.48014;0.00947992;0.00149847;

BatchNorm;N:32_C:2048_H:7_W:7_;PARALLEL;5;6000;9.46162;0.00157689;1.94723e-05;


