Name;Descriptor;Mode;Warmup;Iterations;Duration;Mean;StdDev;
BatchNorm;N:32_C:1_H:224_W:224_;PARALLEL;5;10000;4.40793;0.000440725;9.39293e-05;

BatchNorm;N:32_C:64_H:112_W:112_;PARALLEL;5;1000;6.63454;0.00663425;0.00115302;

BatchNorm;N:32_C:256_H:112_W:112_;PARALLEL;5;200;5.84343;0.0292169;0.000840457;

BatchNorm;N:32_C:256_H:56_W:56_;PARALLEL;5;1000;7.11058;0.00711031;9.72667e-05;

BatchNorm;N:32_C:2048_H:7_W:7_;PARALLEL;5;6000;6.59725;0.00109949;7.45302e-05;


