Name;Descriptor;Mode;Warmup;Iterations;Duration;Mean;StdDev;
BatchNorm;N:32_C:1_H:224_W:224_;PARALLEL;5;10000;2.28002;0.000227867;4.2604e-05;

BatchNorm;N:32_C:64_H:112_W:112_;PARALLEL;5;1000;4.55822;0.00455786;0.00122194;

BatchNorm;N:32_C:256_H:112_W:112_;PARALLEL;5;200;4.66749;0.0233371;0.00505276;

BatchNorm;N:32_C:256_H:56_W:56_;PARALLEL;5;1000;5.08135;0.00508102;3.67321e-05;

BatchNorm;N:32_C:2048_H:7_W:7_;PARALLEL;5;6000;4.60684;0.000767749;5.34655e-05;


