Name;Descriptor;Mode;Warmup;Iterations;Duration;Mean;StdDev;
BatchNorm;N:32_C:1_H:224_W:224_;PARALLEL;5;10000;3.6097;0.000360888;6.87429e-05;

BatchNorm;N:32_C:64_H:112_W:112_;PARALLEL;5;1000;5.0677;0.00506736;0.00147129;

BatchNorm;N:32_C:256_H:112_W:112_;PARALLEL;5;200;4.59865;0.022993;0.00520517;

BatchNorm;N:32_C:256_H:56_W:56_;PARALLEL;5;1000;5.07323;0.00507291;0.000887112;

BatchNorm;N:32_C:2048_H:7_W:7_;PARALLEL;5;6000;4.4331;0.000738802;5.82255e-05;


