Name;Descriptor;Mode;Warmup;Iterations;Duration;Mean;StdDev;
BatchNorm;N:32_C:1_H:224_W:224_;PARALLEL;5;10000;2.26458;0.000226295;4.5026e-05;

BatchNorm;N:32_C:64_H:112_W:112_;PARALLEL;5;1000;5.50353;0.00550326;0.0011268;

BatchNorm;N:32_C:256_H:112_W:112_;PARALLEL;5;200;4.18258;0.0209126;0.00113967;

BatchNorm;N:32_C:256_H:56_W:56_;PARALLEL;5;1000;5.84654;0.00584624;0.000357899;

BatchNorm;N:32_C:2048_H:7_W:7_;PARALLEL;5;6000;4.9909;0.000831776;3.1606e-05;


