Name;Descriptor;Mode;Warmup;Iterations;Duration;Mean;StdDev;
BatchNorm;N:32_C:1_H:224_W:224_;PARALLEL;5;10000;4.59603;0.000459549;3.01283e-05;

BatchNorm;N:32_C:64_H:112_W:112_;PARALLEL;5;1000;10.3297;0.0103295;1.70148e-05;

BatchNorm;N:32_C:256_H:112_W:112_;PARALLEL;5;200;8.453;0.0422648;5.43225e-05;

BatchNorm;N:32_C:256_H:56_W:56_;PARALLEL;5;1000;10.673;0.0106728;5.48586e-05;

BatchNorm;N:32_C:2048_H:7_W:7_;PARALLEL;5;6000;8.80517;0.00146746;1.74411e-05;


