Name;Descriptor;Mode;Warmup;Iterations;Duration;Mean;StdDev;
BatchNorm;N:32_C:1_H:224_W:224_;PARALLEL;5;10000;3.40698;0.000340672;2.86295e-05;

BatchNorm;N:32_C:64_H:112_W:112_;PARALLEL;5;1000;8.30088;0.00830066;1.83046e-05;

BatchNorm;N:32_C:256_H:112_W:112_;PARALLEL;5;200;6.85516;0.0342756;0.0001011;

BatchNorm;N:32_C:256_H:56_W:56_;PARALLEL;5;1000;8.5957;0.00859547;3.40975e-05;

BatchNorm;N:32_C:2048_H:7_W:7_;PARALLEL;5;6000;5.66503;0.000944049;1.83084e-05;


