Name;Descriptor;Mode;Warmup;Iterations;Duration;Mean;StdDev;
BatchNorm;N:32_C:1_H:224_W:224_;PARALLEL;5;10000;5.83269;0.000583225;4.46281e-05;

BatchNorm;N:32_C:64_H:112_W:112_;PARALLEL;5;1000;12.2056;0.0122054;3.92353e-05;

BatchNorm;N:32_C:256_H:112_W:112_;PARALLEL;5;200;9.9502;0.0497507;6.71058e-05;

BatchNorm;N:32_C:256_H:56_W:56_;PARALLEL;5;1000;12.6088;0.0126086;2.16723e-05;

BatchNorm;N:32_C:2048_H:7_W:7_;PARALLEL;5;6000;11.4447;0.00190733;2.04571e-05;


