Name;Descriptor;Mode;Warmup;Iterations;Duration;Mean;StdDev;
BatchNorm;N:32_C:1_H:224_W:224_;PARALLEL;5;10000;4.59559;0.000459521;4.1506e-05;

BatchNorm;N:32_C:64_H:112_W:112_;PARALLEL;5;1000;9.70087;0.00970061;4.13727e-05;

BatchNorm;N:32_C:256_H:112_W:112_;PARALLEL;5;200;7.96267;0.0398131;5.14206e-05;

BatchNorm;N:32_C:256_H:56_W:56_;PARALLEL;5;1000;10.0251;0.0100248;5.26288e-05;

BatchNorm;N:32_C:2048_H:7_W:7_;PARALLEL;5;6000;7.91814;0.00131956;1.18571e-05;


