Name;Descriptor;Mode;Warmup;Iterations;Duration;Mean;StdDev;
BatchNorm;N:32_C:1_H:224_W:224_;PARALLEL;5;10000;12.3648;0.00123644;6.45978e-05;

BatchNorm;N:32_C:64_H:112_W:112_;PARALLEL;5;1000;23.5829;0.0235827;6.97074e-05;

BatchNorm;N:32_C:256_H:112_W:112_;PARALLEL;5;200;19.1247;0.0956235;0.000377447;

BatchNorm;N:32_C:256_H:56_W:56_;PARALLEL;5;1000;24.5713;0.024571;0.000130413;

BatchNorm;N:32_C:2048_H:7_W:7_;PARALLEL;5;6000;26.426;0.00440412;3.69747e-05;


