Name;Descriptor;Mode;Warmup;Iterations;Duration;Mean;StdDev;
BatchNorm;N:32_C:1_H:224_W:224_;PARALLEL;5;10000;3.4153;0.000341505;3.38746e-05;

BatchNorm;N:32_C:64_H:112_W:112_;PARALLEL;5;1000;8.82779;0.00882757;1.28294e-05;

BatchNorm;N:32_C:256_H:112_W:112_;PARALLEL;5;200;7.31055;0.0365526;4.04113e-05;

BatchNorm;N:32_C:256_H:56_W:56_;PARALLEL;5;1000;9.16325;0.00916306;1.69136e-05;

BatchNorm;N:32_C:2048_H:7_W:7_;PARALLEL;5;6000;6.60042;0.00109993;2.33037e-05;


