Name;Descriptor;Mode;Warmup;Iterations;Duration;Mean;StdDev;
BatchNorm;N:32_C:1_H:224_W:224_;PARALLEL;5;10000;2.50836;0.000250791;5.67238e-05;

BatchNorm;N:32_C:64_H:112_W:112_;PARALLEL;5;1000;7.1952;0.00719501;1.36624e-05;

BatchNorm;N:32_C:256_H:112_W:112_;PARALLEL;5;200;6.04531;0.0302264;1.84083e-05;

BatchNorm;N:32_C:256_H:56_W:56_;PARALLEL;5;1000;7.81379;0.00781356;1.3517e-05;

BatchNorm;N:32_C:2048_H:7_W:7_;PARALLEL;5;6000;4.78078;0.000796605;6.37196e-06;


