Name;Descriptor;Mode;Warmup;Iterations;Duration;Mean;StdDev;
BatchNorm;N:32_C:1_H:224_W:224_;PARALLEL;5;10000;3.43232;0.000343169;3.55447e-05;

BatchNorm;N:32_C:64_H:112_W:112_;PARALLEL;5;1000;9.22701;0.00922679;4.38254e-05;

BatchNorm;N:32_C:256_H:112_W:112_;PARALLEL;5;200;7.57927;0.0378962;4.59862e-05;

BatchNorm;N:32_C:256_H:56_W:56_;PARALLEL;5;1000;9.52846;0.00952824;4.98084e-05;

BatchNorm;N:32_C:2048_H:7_W:7_;PARALLEL;5;6000;7.34683;0.00122434;3.23624e-05;


