Name;Descriptor;Mode;Warmup;Iterations;Duration;Mean;StdDev;
BatchNorm;N:32_C:1_H:224_W:224_;PARALLEL;5;10000;3.39959;0.000339907;2.74358e-05;

BatchNorm;N:32_C:64_H:112_W:112_;PARALLEL;5;1000;8.52396;0.00852373;2.33119e-05;

BatchNorm;N:32_C:256_H:112_W:112_;PARALLEL;5;200;7.04208;0.0352101;4.46515e-05;

BatchNorm;N:32_C:256_H:56_W:56_;PARALLEL;5;1000;8.8183;0.00881808;5.01648e-05;

BatchNorm;N:32_C:2048_H:7_W:7_;PARALLEL;5;6000;6.08791;0.0010145;2.34563e-05;


