Name;Descriptor;Mode;Warmup;Iterations;Duration;Mean;StdDev;
BatchNorm;N:32_C:1_H:224_W:224_;PARALLEL;5;10000;2.47786;0.000247742;1.36467e-05;

BatchNorm;N:32_C:64_H:112_W:112_;PARALLEL;5;1000;7.17855;0.0071784;3.05008e-05;

BatchNorm;N:32_C:256_H:112_W:112_;PARALLEL;5;200;6.13614;0.0306806;3.77949e-05;

BatchNorm;N:32_C:256_H:56_W:56_;PARALLEL;5;1000;7.69838;0.00769821;1.94139e-05;

BatchNorm;N:32_C:2048_H:7_W:7_;PARALLEL;5;6000;4.35045;0.000724998;7.06258e-06;


