Name;Descriptor;Mode;Warmup;Iterations;Duration;Mean;StdDev;
BatchNorm;N:32_C:1_H:224_W:224_;PARALLEL;5;10000;2.49669;0.000249629;2.50599e-05;

BatchNorm;N:32_C:64_H:112_W:112_;PARALLEL;5;1000;7.17091;0.00717069;1.41781e-05;

BatchNorm;N:32_C:256_H:112_W:112_;PARALLEL;5;200;6.10973;0.0305485;2.11628e-05;

BatchNorm;N:32_C:256_H:56_W:56_;PARALLEL;5;1000;7.68678;0.00768654;1.0135e-05;

BatchNorm;N:32_C:2048_H:7_W:7_;PARALLEL;5;6000;4.46188;0.000743513;7.17105e-06;


