Name;Descriptor;Mode;Warmup;Iterations;Duration;Mean;StdDev;
BatchNorm;N:32_C:1_H:224_W:224_;PARALLEL;5;10000;17.2834;0.00172827;9.71874e-05;

BatchNorm;N:32_C:64_H:112_W:112_;PARALLEL;5;1000;33.8872;0.0338869;9.57173e-05;

BatchNorm;N:32_C:256_H:112_W:112_;PARALLEL;5;200;27.5757;0.137878;0.00039618;

BatchNorm;N:32_C:256_H:56_W:56_;PARALLEL;5;1000;35.0481;0.0350478;0.000101539;

BatchNorm;N:32_C:2048_H:7_W:7_;PARALLEL;5;6000;37.6481;0.00627449;5.24227e-05;


