Name;Descriptor;Mode;Warmup;Iterations;Duration;Mean;StdDev;
BatchNorm;N:32_C:1_H:224_W:224_;PARALLEL;5;10000;2.54141;0.000254117;2.48801e-05;

BatchNorm;N:32_C:64_H:112_W:112_;PARALLEL;5;1000;7.757;0.00775681;1.0431e-05;

BatchNorm;N:32_C:256_H:112_W:112_;PARALLEL;5;200;6.56507;0.0328252;3.42447e-05;

BatchNorm;N:32_C:256_H:56_W:56_;PARALLEL;5;1000;8.19908;0.00819885;1.061e-05;

BatchNorm;N:32_C:2048_H:7_W:7_;PARALLEL;5;6000;6.17221;0.00102862;5.50303e-06;


