Name;Descriptor;Mode;Warmup;Iterations;Duration;Mean;StdDev;
BatchNorm;N:32_C:1_H:224_W:224_;PARALLEL;5;10000;2.58947;0.000258891;2.76454e-05;

BatchNorm;N:32_C:64_H:112_W:112_;PARALLEL;5;1000;7.17013;0.00716996;2.07723e-05;

BatchNorm;N:32_C:256_H:112_W:112_;PARALLEL;5;200;6.04616;0.0302306;7.91538e-05;

BatchNorm;N:32_C:256_H:56_W:56_;PARALLEL;5;1000;7.69088;0.00769074;0.000122075;

BatchNorm;N:32_C:2048_H:7_W:7_;PARALLEL;5;6000;4.58518;0.00076407;6.89859e-06;


