Name;Descriptor;Mode;Warmup;Iterations;Duration;Mean;StdDev;
BatchNorm;N:32_C:1_H:224_W:224_;PARALLEL;5;10000;3.63511;0.000363372;9.68822e-05;

BatchNorm;N:32_C:64_H:112_W:112_;PARALLEL;5;1000;5.42575;0.0054255;0.00148862;

BatchNorm;N:32_C:256_H:112_W:112_;PARALLEL;5;200;4.81805;0.02409;0.00458899;

BatchNorm;N:32_C:256_H:56_W:56_;PARALLEL;5;1000;5.37031;0.00537008;0.000896859;

BatchNorm;N:32_C:2048_H:7_W:7_;PARALLEL;5;6000;4.26803;0.000711196;9.34621e-05;


