Name;Descriptor;Mode;Warmup;Iterations;Duration;Mean;StdDev;
BatchNorm;N:32_C:1_H:224_W:224_;PARALLEL;5;10000;3.3876;0.000338622;0.00037719;

BatchNorm;N:32_C:64_H:112_W:112_;PARALLEL;5;1000;4.10808;0.0041078;0.00138738;

BatchNorm;N:32_C:256_H:112_W:112_;PARALLEL;5;200;3.5073;0.0175363;0.00207369;

BatchNorm;N:32_C:256_H:56_W:56_;PARALLEL;5;1000;5.03812;0.00503783;2.81655e-05;

BatchNorm;N:32_C:2048_H:7_W:7_;PARALLEL;5;6000;3.23662;0.000539298;2.96254e-05;


