Name;Descriptor;Mode;Warmup;Iterations;Duration;Mean;StdDev;
BatchNorm;N:32_C:1_H:224_W:224_;PARALLEL;5;10000;3.12079;0.000311867;0.000389276;

BatchNorm;N:32_C:64_H:112_W:112_;PARALLEL;5;1000;3.85681;0.00385653;0.00145245;

BatchNorm;N:32_C:256_H:112_W:112_;PARALLEL;5;200;3.13176;0.0156586;7.55304e-05;

BatchNorm;N:32_C:256_H:56_W:56_;PARALLEL;5;1000;4.61545;0.0046151;0.00174402;

BatchNorm;N:32_C:2048_H:7_W:7_;PARALLEL;5;6000;3.07469;0.000512274;2.05361e-05;


