Name;Descriptor;Mode;Warmup;Iterations;Duration;Mean;StdDev;
BatchNorm;N:32_C:1_H:224_W:224_;PARALLEL;5;10000;3.0246;0.000302278;0.000308352;

BatchNorm;N:32_C:64_H:112_W:112_;PARALLEL;5;1000;4.42115;0.00442092;0.00183023;

BatchNorm;N:32_C:256_H:112_W:112_;PARALLEL;5;200;4.72839;0.0236418;0.00706423;

BatchNorm;N:32_C:256_H:56_W:56_;PARALLEL;5;1000;5.05311;0.00505287;3.11427e-05;

BatchNorm;N:32_C:2048_H:7_W:7_;PARALLEL;5;6000;3.86469;0.000643888;3.91864e-05;


