Name;Descriptor;Mode;Warmup;Iterations;Duration;Mean;StdDev;
BatchNorm;N:32_C:1_H:224_W:224_;PARALLEL;5;10000;3.18201;0.00031808;0.000353209;

BatchNorm;N:32_C:64_H:112_W:112_;PARALLEL;5;1000;4.06146;0.00406128;0.00141778;

BatchNorm;N:32_C:256_H:112_W:112_;PARALLEL;5;200;4.41325;0.0220661;0.00601453;

BatchNorm;N:32_C:256_H:56_W:56_;PARALLEL;5;1000;4.87632;0.00487613;8.91832e-05;

BatchNorm;N:32_C:2048_H:7_W:7_;PARALLEL;5;6000;3.24796;0.000541153;8.91671e-05;


