Name;Descriptor;Mode;Warmup;Iterations;Duration;Mean;StdDev;
BatchNorm;N:32_C:1_H:224_W:224_;PARALLEL;5;10000;3.69367;0.000369239;8.88146e-05;

BatchNorm;N:32_C:64_H:112_W:112_;PARALLEL;5;1000;4.9779;0.00497767;0.00126145;

BatchNorm;N:32_C:256_H:112_W:112_;PARALLEL;5;200;4.90178;0.0245087;0.00554789;

BatchNorm;N:32_C:256_H:56_W:56_;PARALLEL;5;1000;5.03341;0.00503307;0.00105879;

BatchNorm;N:32_C:2048_H:7_W:7_;PARALLEL;5;6000;4.06772;0.000677775;9.68859e-05;


