Name;Descriptor;Mode;Warmup;Iterations;Duration;Mean;StdDev;
BatchNorm;N:32_C:1_H:224_W:224_;PARALLEL;5;10000;6.83196;0.000683038;0.000100291;

BatchNorm;N:32_C:64_H:112_W:112_;PARALLEL;5;1000;12.8805;0.0128802;0.0036198;

BatchNorm;N:32_C:256_H:112_W:112_;PARALLEL;5;200;10.4134;0.0520668;0.00108468;

BatchNorm;N:32_C:256_H:56_W:56_;PARALLEL;5;1000;12.9675;0.0129672;0.000542117;

BatchNorm;N:32_C:2048_H:7_W:7_;PARALLEL;5;6000;12.8659;0.00214422;2.1619e-05;


