Name;Descriptor;Mode;Warmup;Iterations;Duration;Mean;StdDev;
BatchNorm;N:32_C:1_H:224_W:224_;PARALLEL;5;10000;3.60805;0.000360668;9.13111e-05;

BatchNorm;N:32_C:64_H:112_W:112_;PARALLEL;5;1000;5.25591;0.00525566;0.00149334;

BatchNorm;N:32_C:256_H:112_W:112_;PARALLEL;5;200;4.78144;0.023907;0.00451002;

BatchNorm;N:32_C:256_H:56_W:56_;PARALLEL;5;1000;5.69519;0.00569492;0.00145612;

BatchNorm;N:32_C:2048_H:7_W:7_;PARALLEL;5;6000;4.05308;0.000675327;0.00012242;


