Name;Descriptor;Mode;Warmup;Iterations;Duration;Mean;StdDev;
BatchNorm;N:32_C:1_H:224_W:224_;PARALLEL;5;10000;2.83855;0.000283727;0.000215203;

BatchNorm;N:32_C:64_H:112_W:112_;PARALLEL;5;1000;4.88842;0.00488818;0.00187325;

BatchNorm;N:32_C:256_H:112_W:112_;PARALLEL;5;200;4.83632;0.0241814;0.00108738;

BatchNorm;N:32_C:256_H:56_W:56_;PARALLEL;5;1000;4.67112;0.00467082;0.00105747;

BatchNorm;N:32_C:2048_H:7_W:7_;PARALLEL;5;6000;4.30657;0.000717635;8.25959e-05;


