Name;Descriptor;Mode;Warmup;Iterations;Duration;Mean;StdDev;
BatchNorm;N:32_C:1_H:224_W:224_;PARALLEL;5;10000;5.63677;0.000563605;0.000106707;

BatchNorm;N:32_C:64_H:112_W:112_;PARALLEL;5;1000;9.74033;0.00974014;0.0013729;

BatchNorm;N:32_C:256_H:112_W:112_;PARALLEL;5;200;8.45908;0.0422953;4.27026e-05;

BatchNorm;N:32_C:256_H:56_W:56_;PARALLEL;5;1000;10.2126;0.0102123;0.000445801;

BatchNorm;N:32_C:2048_H:7_W:7_;PARALLEL;5;6000;10.1249;0.00168732;2.57657e-05;


