Name;Descriptor;Mode;Warmup;Iterations;Duration;Mean;StdDev;
BatchNorm;N:32_C:1_H:224_W:224_;PARALLEL;5;10000;3.14236;0.000313976;0.000388818;

BatchNorm;N:32_C:64_H:112_W:112_;PARALLEL;5;1000;4.30173;0.0043015;0.000907468;

BatchNorm;N:32_C:256_H:112_W:112_;PARALLEL;5;200;3.49715;0.0174855;0.00192196;

BatchNorm;N:32_C:256_H:56_W:56_;PARALLEL;5;1000;4.90473;0.0049045;0.00107784;

BatchNorm;N:32_C:2048_H:7_W:7_;PARALLEL;5;6000;3.5085;0.000584642;1.23308e-05;


