Name;Descriptor;Mode;Warmup;Iterations;Duration;Mean;StdDev;
BatchNorm;N:32_C:1_H:224_W:224_;PARALLEL;5;10000;4.42656;0.000442514;0.000105184;

BatchNorm;N:32_C:64_H:112_W:112_;PARALLEL;5;1000;7.26114;0.0072608;0.00105462;

BatchNorm;N:32_C:256_H:112_W:112_;PARALLEL;5;200;6.51268;0.0325631;0.000794262;

BatchNorm;N:32_C:256_H:56_W:56_;PARALLEL;5;1000;7.82483;0.00782449;0.00147847;

BatchNorm;N:32_C:2048_H:7_W:7_;PARALLEL;5;6000;6.82721;0.00113773;4.43992e-05;


