Name;Descriptor;Mode;Warmup;Iterations;Duration;Mean;StdDev;
BatchNorm;N:32_C:1_H:224_W:224_;PARALLEL;5;10000;4.32501;0.000432384;9.79391e-05;

BatchNorm;N:32_C:64_H:112_W:112_;PARALLEL;5;1000;8.21075;0.00821057;0.00136575;

BatchNorm;N:32_C:256_H:112_W:112_;PARALLEL;5;200;7.34981;0.0367489;0.00612746;

BatchNorm;N:32_C:256_H:56_W:56_;PARALLEL;5;1000;8.89116;0.00889096;0.00227844;

BatchNorm;N:32_C:2048_H:7_W:7_;PARALLEL;5;6000;8.11512;0.00135241;7.11137e-05;


