Name;Descriptor;Mode;Warmup;Iterations;Duration;Mean;StdDev;
BatchNorm;N:32_C:1_H:224_W:224_;PARALLEL;5;10000;10.441;0.00104394;0.000112739;

BatchNorm;N:32_C:64_H:112_W:112_;PARALLEL;5;1000;19.012;0.0190118;0.00184332;

BatchNorm;N:32_C:256_H:112_W:112_;PARALLEL;5;200;16.8478;0.0842388;0.000199968;

BatchNorm;N:32_C:256_H:56_W:56_;PARALLEL;5;1000;21.0161;0.0210159;0.00061503;

BatchNorm;N:32_C:2048_H:7_W:7_;PARALLEL;5;6000;21.67;0.00361157;3.56882e-05;


