Name;Descriptor;Mode;Warmup;Iterations;Duration;Mean;StdDev;
BatchNorm;N:32_C:1_H:224_W:224_;PARALLEL;5;10000;2.92587;0.0002924;0.000238983;

BatchNorm;N:32_C:64_H:112_W:112_;PARALLEL;5;1000;4.26765;0.00426739;0.00126224;

BatchNorm;N:32_C:256_H:112_W:112_;PARALLEL;5;200;4.89635;0.0244816;0.00379118;

BatchNorm;N:32_C:256_H:56_W:56_;PARALLEL;5;1000;4.1684;0.00416826;0.000903498;

BatchNorm;N:32_C:2048_H:7_W:7_;PARALLEL;5;6000;3.6659;0.000610843;7.44276e-05;


