Name;Descriptor;Mode;Warmup;Iterations;Duration;Mean;StdDev;
BatchNorm;N:32_C:1_H:224_W:224_;PARALLEL;5;10000;20.1139;0.0020113;0.000127485;

BatchNorm;N:32_C:64_H:112_W:112_;PARALLEL;5;1000;38.9337;0.0389335;0.00119933;

BatchNorm;N:32_C:256_H:112_W:112_;PARALLEL;5;200;32.5301;0.16265;0.000217651;

BatchNorm;N:32_C:256_H:56_W:56_;PARALLEL;5;1000;38.943;0.0389428;0.0028878;

BatchNorm;N:32_C:2048_H:7_W:7_;PARALLEL;5;6000;41.0947;0.00684906;4.48394e-05;


