Name;Descriptor;Mode;Warmup;Iterations;Duration;Mean;StdDev;
BatchNorm;N:32_C:1_H:224_W:224_;PARALLEL;5;10000;2.90503;0.000290326;0.000285005;

BatchNorm;N:32_C:64_H:112_W:112_;PARALLEL;5;1000;4.64988;0.00464949;0.00167406;

BatchNorm;N:32_C:256_H:112_W:112_;PARALLEL;5;200;4.99428;0.0249712;0.000160464;

BatchNorm;N:32_C:256_H:56_W:56_;PARALLEL;5;1000;4.88176;0.00488152;0.000961441;

BatchNorm;N:32_C:2048_H:7_W:7_;PARALLEL;5;6000;4.04342;0.000673746;7.07303e-05;


