Name;Descriptor;Mode;Warmup;Iterations;Duration;Mean;StdDev;
BatchNorm;N:32_C:1_H:224_W:224_;PARALLEL;5;10000;3.29816;0.00032962;0.000535622;

BatchNorm;N:32_C:64_H:112_W:112_;PARALLEL;5;1000;4.14473;0.00414443;0.00118908;

BatchNorm;N:32_C:256_H:112_W:112_;PARALLEL;5;200;4.66717;0.0233356;0.00541954;

BatchNorm;N:32_C:256_H:56_W:56_;PARALLEL;5;1000;4.41712;0.00441691;0.00105835;

BatchNorm;N:32_C:2048_H:7_W:7_;PARALLEL;5;6000;3.07703;0.000512763;1.5815e-05;


