Name;Descriptor;Mode;Warmup;Iterations;Duration;Mean;StdDev;
BatchNorm;N:32_C:1_H:224_W:224_;PARALLEL;5;10000;2.83219;0.000283045;0.000220546;

BatchNorm;N:32_C:64_H:112_W:112_;PARALLEL;5;1000;4.92105;0.00492079;0.00197539;

BatchNorm;N:32_C:256_H:112_W:112_;PARALLEL;5;200;4.24597;0.0212297;0.00126801;

BatchNorm;N:32_C:256_H:56_W:56_;PARALLEL;5;1000;4.51634;0.00451605;0.00130258;

BatchNorm;N:32_C:2048_H:7_W:7_;PARALLEL;5;6000;4.38406;0.000730535;8.29877e-06;


