Name;Descriptor;Mode;Warmup;Iterations;Duration;Mean;StdDev;
BatchNorm;N:32_C:1_H:224_W:224_;PARALLEL;5;10000;3.31803;0.000331674;0.000457;

BatchNorm;N:32_C:64_H:112_W:112_;PARALLEL;5;1000;3.79847;0.00379826;0.00182525;

BatchNorm;N:32_C:256_H:112_W:112_;PARALLEL;5;200;3.45934;0.0172965;0.00289708;

BatchNorm;N:32_C:256_H:56_W:56_;PARALLEL;5;1000;4.99877;0.00499853;9.53732e-05;

BatchNorm;N:32_C:2048_H:7_W:7_;PARALLEL;5;6000;2.84753;0.000474443;1.72388e-05;


