Name;Descriptor;Mode;Warmup;Iterations;Duration;Mean;StdDev;
BatchNorm;N:32_C:1_H:224_W:224_;PARALLEL;5;10000;3.23366;0.000323216;0.000458562;

BatchNorm;N:32_C:64_H:112_W:112_;PARALLEL;5;1000;4.23251;0.00423231;0.0022005;

BatchNorm;N:32_C:256_H:112_W:112_;PARALLEL;5;200;4.9278;0.0246388;0.000587358;

BatchNorm;N:32_C:256_H:56_W:56_;PARALLEL;5;1000;3.62566;0.00362545;0.000141404;

BatchNorm;N:32_C:2048_H:7_W:7_;PARALLEL;5;6000;2.94363;0.000490445;0.000134009;


