Name;Descriptor;Mode;Warmup;Iterations;Duration;Mean;StdDev;
BatchNorm;N:32_C:1_H:224_W:224_;PARALLEL;5;10000;2.20983;0.000220775;9.86205e-05;

BatchNorm;N:32_C:64_H:112_W:112_;PARALLEL;5;1000;5.45981;0.00545957;0.00150088;

BatchNorm;N:32_C:256_H:112_W:112_;PARALLEL;5;200;5.01176;0.0250586;0.000177381;

BatchNorm;N:32_C:256_H:56_W:56_;PARALLEL;5;1000;5.27893;0.00527877;0.00122716;

BatchNorm;N:32_C:2048_H:7_W:7_;PARALLEL;5;6000;4.66802;0.000777901;7.95528e-05;


