Name;Descriptor;Mode;Warmup;Iterations;Duration;Mean;StdDev;
BatchNorm;N:32_C:1_H:224_W:224_;PARALLEL;5;10000;3.63094;0.00036298;9.03735e-05;

BatchNorm;N:32_C:64_H:112_W:112_;PARALLEL;5;1000;5.42795;0.00542776;0.00116006;

BatchNorm;N:32_C:256_H:112_W:112_;PARALLEL;5;200;5.27464;0.026373;0.00338455;

BatchNorm;N:32_C:256_H:56_W:56_;PARALLEL;5;1000;6.72381;0.00672352;0.000487298;

BatchNorm;N:32_C:2048_H:7_W:7_;PARALLEL;5;6000;4.54201;0.000756928;0.000133125;


