Name;Descriptor;Mode;Warmup;Iterations;Duration;Mean;StdDev;
BatchNorm;N:32_C:1_H:224_W:224_;PARALLEL;5;10000;3.39788;0.000339639;0.000116035;

BatchNorm;N:32_C:64_H:112_W:112_;PARALLEL;5;1000;5.70687;0.00570658;0.00119774;

BatchNorm;N:32_C:256_H:112_W:112_;PARALLEL;5;200;5.23011;0.0261503;0.00194092;

BatchNorm;N:32_C:256_H:56_W:56_;PARALLEL;5;1000;5.64292;0.00564265;0.000833311;

BatchNorm;N:32_C:2048_H:7_W:7_;PARALLEL;5;6000;4.84508;0.000807372;1.02829e-05;


