Name;Descriptor;Mode;Warmup;Iterations;Duration;Mean;StdDev;
BatchNorm;N:32_C:1_H:224_W:224_;PARALLEL;5;10000;3.39341;0.000339257;0.000115528;

BatchNorm;N:32_C:64_H:112_W:112_;PARALLEL;5;1000;5.89374;0.00589346;0.00138638;

BatchNorm;N:32_C:256_H:112_W:112_;PARALLEL;5;200;5.4449;0.0272242;0.000431362;

BatchNorm;N:32_C:256_H:56_W:56_;PARALLEL;5;1000;6.22405;0.00622377;0.000848273;

BatchNorm;N:32_C:2048_H:7_W:7_;PARALLEL;5;6000;5.08138;0.000846846;1.00508e-05;


