Name;Descriptor;Mode;Warmup;Iterations;Duration;Mean;StdDev;
BatchNorm;N:32_C:1_H:224_W:224_;PARALLEL;5;10000;3.20112;0.000319947;0.000338508;

BatchNorm;N:32_C:64_H:112_W:112_;PARALLEL;5;1000;4.02527;0.00402502;0.00140903;

BatchNorm;N:32_C:256_H:112_W:112_;PARALLEL;5;200;4.45795;0.0222895;0.00316104;

BatchNorm;N:32_C:256_H:56_W:56_;PARALLEL;5;1000;4.00547;0.00400525;3.52019e-05;

BatchNorm;N:32_C:2048_H:7_W:7_;PARALLEL;5;6000;3.46707;0.0005777;1.35635e-05;


