Name;Descriptor;Mode;Warmup;Iterations;Duration;Mean;StdDev;
BatchNorm;N:32_C:1_H:224_W:224_;PARALLEL;5;10000;8.14114;0.000813959;9.73972e-05;

BatchNorm;N:32_C:64_H:112_W:112_;PARALLEL;5;1000;13.5144;0.0135141;0.00183846;

BatchNorm;N:32_C:256_H:112_W:112_;PARALLEL;5;200;11.8655;0.0593272;0.0012487;

BatchNorm;N:32_C:256_H:56_W:56_;PARALLEL;5;1000;14.2174;0.0142171;0.00177027;

BatchNorm;N:32_C:2048_H:7_W:7_;PARALLEL;5;6000;14.3121;0.00238522;2.13337e-05;


