Name;Descriptor;Mode;Warmup;Iterations;Duration;Mean;StdDev;
BatchNorm;N:32_C:1_H:224_W:224_;PARALLEL;5;10000;3.50469;0.000350351;0.000115752;

BatchNorm;N:32_C:64_H:112_W:112_;PARALLEL;5;1000;5.57955;0.00557929;0.00132604;

BatchNorm;N:32_C:256_H:112_W:112_;PARALLEL;5;200;5.23002;0.0261499;0.00434052;

BatchNorm;N:32_C:256_H:56_W:56_;PARALLEL;5;1000;6.35899;0.00635877;0.00198782;

BatchNorm;N:32_C:2048_H:7_W:7_;PARALLEL;5;6000;4.71384;0.000785415;4.43392e-05;


