Name;Descriptor;Mode;Warmup;Iterations;Duration;Mean;StdDev;
BatchNorm;N:32_C:1_H:224_W:224_;PARALLEL;5;10000;3.55803;0.00035564;0.000108082;

BatchNorm;N:32_C:64_H:112_W:112_;PARALLEL;5;1000;5.44324;0.00544305;0.0013803;

BatchNorm;N:32_C:256_H:112_W:112_;PARALLEL;5;200;4.56607;0.0228301;0.00250119;

BatchNorm;N:32_C:256_H:56_W:56_;PARALLEL;5;1000;5.60632;0.00560612;3.42815e-05;

BatchNorm;N:32_C:2048_H:7_W:7_;PARALLEL;5;6000;4.1837;0.000697063;6.92208e-06;


