Name;Descriptor;Mode;Warmup;Iterations;Duration;Mean;StdDev;
BatchNorm;N:32_C:1_H:224_W:224_;PARALLEL;5;10000;10.4611;0.001046;1.61275e-05;

BatchNorm;N:32_C:64_H:112_W:112_;PARALLEL;5;1000;22.03;0.0220298;6.07856e-05;

BatchNorm;N:32_C:256_H:112_W:112_;PARALLEL;5;200;17.8224;0.0891117;0.000115766;

BatchNorm;N:32_C:256_H:56_W:56_;PARALLEL;5;1000;22.945;0.0229447;0.000108047;

BatchNorm;N:32_C:2048_H:7_W:7_;PARALLEL;5;6000;22.3843;0.00373054;2.74219e-05;


