Name;Descriptor;Mode;Warmup;Iterations;Duration;Mean;StdDev;
BatchNorm;N:32_C:1_H:224_W:224_;PARALLEL;5;10000;12.3833;0.00123817;3.20681e-05;

BatchNorm;N:32_C:64_H:112_W:112_;PARALLEL;5;1000;25.7976;0.0257975;7.26068e-05;

BatchNorm;N:32_C:256_H:112_W:112_;PARALLEL;5;200;20.888;0.10444;0.000148381;

BatchNorm;N:32_C:256_H:56_W:56_;PARALLEL;5;1000;26.608;0.0266079;6.46286e-05;

BatchNorm;N:32_C:2048_H:7_W:7_;PARALLEL;5;6000;24.5548;0.0040923;4.63576e-05;


