Name;Descriptor;Mode;Warmup;Iterations;Duration;Mean;StdDev;
BatchNorm;N:32_C:1_H:224_W:224_;PARALLEL;5;10000;2.73262;0.000273158;3.9475e-05;

BatchNorm;N:32_C:64_H:112_W:112_;PARALLEL;5;1000;4.36331;0.00436319;0.000159578;

BatchNorm;N:32_C:256_H:112_W:112_;PARALLEL;5;200;4.4033;0.0220164;0.000285598;

BatchNorm;N:32_C:256_H:56_W:56_;PARALLEL;5;1000;5.06029;0.00506017;7.30273e-05;

BatchNorm;N:32_C:2048_H:7_W:7_;PARALLEL;5;6000;3.37121;0.000561767;1.13873e-05;


