Name;Descriptor;Mode;Warmup;Iterations;Duration;Mean;StdDev;
BatchNorm;N:32_C:1_H:224_W:224_;PARALLEL;5;10000;2.10449;0.000210327;4.86711e-05;

BatchNorm;N:32_C:64_H:112_W:112_;PARALLEL;5;1000;3.2324;0.00323225;4.57434e-05;

BatchNorm;N:32_C:256_H:112_W:112_;PARALLEL;5;200;4.68123;0.023406;7.80157e-05;

BatchNorm;N:32_C:256_H:56_W:56_;PARALLEL;5;1000;3.89683;0.0038967;3.986e-05;

BatchNorm;N:32_C:2048_H:7_W:7_;PARALLEL;5;6000;2.22895;0.000371377;1.88108e-05;


