Name;Descriptor;Mode;Warmup;Iterations;Duration;Mean;StdDev;
BatchNorm;N:32_C:1_H:224_W:224_;PARALLEL;5;10000;1.87853;0.000187752;7.49966e-06;

BatchNorm;N:32_C:64_H:112_W:112_;PARALLEL;5;1000;3.21036;0.00321026;7.23315e-05;

BatchNorm;N:32_C:256_H:112_W:112_;PARALLEL;5;200;4.32677;0.0216337;0.000225705;

BatchNorm;N:32_C:256_H:56_W:56_;PARALLEL;5;1000;3.55724;0.00355712;6.61979e-05;

BatchNorm;N:32_C:2048_H:7_W:7_;PARALLEL;5;6000;2.71811;0.000452921;1.95813e-05;


