Name;Descriptor;Mode;Warmup;Iterations;Duration;Mean;StdDev;
BatchNorm;N:32_C:1_H:224_W:224_;PARALLEL;5;10000;1.9051;0.000190418;4.3946e-05;

BatchNorm;N:32_C:64_H:112_W:112_;PARALLEL;5;1000;3.06137;0.00306122;6.35919e-05;

BatchNorm;N:32_C:256_H:112_W:112_;PARALLEL;5;200;4.39093;0.0219545;0.000614808;

BatchNorm;N:32_C:256_H:56_W:56_;PARALLEL;5;1000;3.41824;0.00341813;1.37383e-05;

BatchNorm;N:32_C:2048_H:7_W:7_;PARALLEL;5;6000;2.16032;0.00035995;1.16863e-05;


