Name;Descriptor;Mode;Warmup;Iterations;Duration;Mean;StdDev;
BatchNorm;N:32_C:1_H:224_W:224_;PARALLEL;5;10000;5.08512;0.000508399;1.41333e-05;

BatchNorm;N:32_C:64_H:112_W:112_;PARALLEL;5;1000;10.0886;0.0100885;4.75574e-05;

BatchNorm;N:32_C:256_H:112_W:112_;PARALLEL;5;200;8.64931;0.0432464;0.000164783;

BatchNorm;N:32_C:256_H:56_W:56_;PARALLEL;5;1000;10.47;0.0104699;6.03921e-05;

BatchNorm;N:32_C:2048_H:7_W:7_;PARALLEL;5;6000;9.73246;0.00162203;2.01649e-05;


