Name;Descriptor;Mode;Warmup;Iterations;Duration;Mean;StdDev;
BatchNorm;N:32_C:1_H:224_W:224_;PARALLEL;5;10000;13.4667;0.0013466;2.77653e-05;

BatchNorm;N:32_C:64_H:112_W:112_;PARALLEL;5;1000;24.9348;0.0249347;0.000661411;

BatchNorm;N:32_C:256_H:112_W:112_;PARALLEL;5;200;21.1711;0.105856;0.00289556;

BatchNorm;N:32_C:256_H:56_W:56_;PARALLEL;5;1000;25.433;0.0254329;0.00119142;

BatchNorm;N:32_C:2048_H:7_W:7_;PARALLEL;5;6000;25.5247;0.00425407;0.000244489;


