Name;Descriptor;Mode;Warmup;Iterations;Duration;Mean;StdDev;
BatchNorm;N:32_C:1_H:224_W:224_;PARALLEL;5;10000;1.84165;0.000184107;1.1359e-05;

BatchNorm;N:32_C:64_H:112_W:112_;PARALLEL;5;1000;3.37022;0.00337005;8.01523e-05;

BatchNorm;N:32_C:256_H:112_W:112_;PARALLEL;5;200;4.39526;0.0219761;0.000233472;

BatchNorm;N:32_C:256_H:56_W:56_;PARALLEL;5;1000;3.4437;0.00344354;7.57854e-05;

BatchNorm;N:32_C:2048_H:7_W:7_;PARALLEL;5;6000;2.6241;0.000437231;1.86632e-05;


