Name;Descriptor;Mode;Warmup;Iterations;Duration;Mean;StdDev;
BatchNorm;N:32_C:1_H:224_W:224_;PARALLEL;5;10000;1.83026;0.000182926;8.28017e-05;

BatchNorm;N:32_C:64_H:112_W:112_;PARALLEL;5;1000;3.42879;0.00342866;0.000113275;

BatchNorm;N:32_C:256_H:112_W:112_;PARALLEL;5;200;4.44856;0.0222427;4.44686e-05;

BatchNorm;N:32_C:256_H:56_W:56_;PARALLEL;5;1000;3.75875;0.00375862;4.46109e-05;

BatchNorm;N:32_C:2048_H:7_W:7_;PARALLEL;5;6000;2.29757;0.000382856;8.68736e-06;


