Name;Descriptor;Mode;Warmup;Iterations;Duration;Mean;StdDev;
BatchNorm;N:32_C:1_H:224_W:224_;PARALLEL;5;10000;2.12305;0.000212201;8.78874e-05;

BatchNorm;N:32_C:64_H:112_W:112_;PARALLEL;5;1000;2.82709;0.00282693;4.07316e-05;

BatchNorm;N:32_C:256_H:112_W:112_;PARALLEL;5;200;3.88349;0.0194173;7.73046e-05;

BatchNorm;N:32_C:256_H:56_W:56_;PARALLEL;5;1000;3.0444;0.00304427;2.66705e-05;

BatchNorm;N:32_C:2048_H:7_W:7_;PARALLEL;5;6000;2.1041;0.00035058;2.04117e-05;


