Name;Descriptor;Mode;Warmup;Iterations;Duration;Mean;StdDev;
BatchNorm;N:32_C:1_H:224_W:224_;PARALLEL;5;10000;2.01414;0.000201281;2.13582e-05;

BatchNorm;N:32_C:64_H:112_W:112_;PARALLEL;5;1000;2.90418;0.00290405;4.74562e-05;

BatchNorm;N:32_C:256_H:112_W:112_;PARALLEL;5;200;4.0645;0.0203223;0.000245888;

BatchNorm;N:32_C:256_H:56_W:56_;PARALLEL;5;1000;3.34656;0.00334641;6.16666e-05;

BatchNorm;N:32_C:2048_H:7_W:7_;PARALLEL;5;6000;2.56598;0.000427584;1.61517e-05;


