Name;Descriptor;Mode;Warmup;Iterations;Duration;Mean;StdDev;
BatchNorm;N:32_C:1_H:224_W:224_;PARALLEL;5;10000;4.34707;0.00043461;0.000130303;

BatchNorm;N:32_C:64_H:112_W:112_;PARALLEL;5;1000;3.97695;0.00397681;0.000830878;

BatchNorm;N:32_C:256_H:112_W:112_;PARALLEL;5;200;4.4589;0.0222944;0.00214865;

BatchNorm;N:32_C:256_H:56_W:56_;PARALLEL;5;1000;3.17728;0.00317717;4.19152e-05;

BatchNorm;N:32_C:2048_H:7_W:7_;PARALLEL;5;6000;2.11475;0.000352363;2.44818e-05;


