Name;Descriptor;Mode;Warmup;Iterations;Duration;Mean;StdDev;
BatchNorm;N:32_C:1_H:224_W:224_;PARALLEL;5;10000;2.06668;0.000206594;9.21697e-05;

BatchNorm;N:32_C:64_H:112_W:112_;PARALLEL;5;1000;3.21258;0.00321247;5.34786e-05;

BatchNorm;N:32_C:256_H:112_W:112_;PARALLEL;5;200;4.82435;0.0241215;0.000110751;

BatchNorm;N:32_C:256_H:56_W:56_;PARALLEL;5;1000;3.69652;0.0036964;5.56732e-05;

BatchNorm;N:32_C:2048_H:7_W:7_;PARALLEL;5;6000;2.45652;0.000409313;1.9701e-05;


