Name;Descriptor;Mode;Warmup;Iterations;Duration;Mean;StdDev;
BatchNorm;N:32_C:1_H:224_W:224_;PARALLEL;5;10000;1.72289;0.000172159;8.49505e-06;

BatchNorm;N:32_C:64_H:112_W:112_;PARALLEL;5;1000;3.19686;0.00319675;2.16571e-05;

BatchNorm;N:32_C:256_H:112_W:112_;PARALLEL;5;200;4.64913;0.0232455;6.16185e-05;

BatchNorm;N:32_C:256_H:56_W:56_;PARALLEL;5;1000;3.57077;0.00357065;1.4821e-05;

BatchNorm;N:32_C:2048_H:7_W:7_;PARALLEL;5;6000;2.17921;0.000363064;1.09208e-05;


