Name;Descriptor;Mode;Warmup;Iterations;Duration;Mean;StdDev;
BatchNorm;N:32_C:1_H:224_W:224_;PARALLEL;5;10000;2.1437;0.000214269;7.23469e-05;

BatchNorm;N:32_C:64_H:112_W:112_;PARALLEL;5;1000;3.01832;0.00301815;4.49158e-05;

BatchNorm;N:32_C:256_H:112_W:112_;PARALLEL;5;200;4.16378;0.0208188;0.000261948;

BatchNorm;N:32_C:256_H:56_W:56_;PARALLEL;5;1000;3.18751;0.00318738;3.54721e-05;

BatchNorm;N:32_C:2048_H:7_W:7_;PARALLEL;5;6000;2.0868;0.000347711;2.05201e-05;


