Name;Descriptor;Mode;Warmup;Iterations;Duration;Mean;StdDev;
BatchNorm;N:32_C:1_H:224_W:224_;PARALLEL;5;10000;2.08842;0.000208759;8.80133e-05;

BatchNorm;N:32_C:64_H:112_W:112_;PARALLEL;5;1000;2.98917;0.002989;4.6909e-05;

BatchNorm;N:32_C:256_H:112_W:112_;PARALLEL;5;200;4.48762;0.0224379;7.19657e-05;

BatchNorm;N:32_C:256_H:56_W:56_;PARALLEL;5;1000;3.41803;0.00341786;4.21094e-05;

BatchNorm;N:32_C:2048_H:7_W:7_;PARALLEL;5;6000;2.2212;0.00037011;1.80662e-05;


