Name;Descriptor;Mode;Warmup;Iterations;Duration;Mean;StdDev;
BatchNorm;N:32_C:1_H:224_W:224_;PARALLEL;5;10000;1.64698;0.000164661;7.76848e-06;

BatchNorm;N:32_C:64_H:112_W:112_;PARALLEL;5;1000;3.54503;0.0035449;3.34388e-05;

BatchNorm;N:32_C:256_H:112_W:112_;PARALLEL;5;200;4.50713;0.0225355;0.000282068;

BatchNorm;N:32_C:256_H:56_W:56_;PARALLEL;5;1000;3.93241;0.00393226;1.85721e-05;

BatchNorm;N:32_C:2048_H:7_W:7_;PARALLEL;5;6000;2.52274;0.000420342;1.19479e-05;


