Name;Descriptor;Mode;Warmup;Iterations;Duration;Mean;StdDev;
BatchNorm;N:32_C:1_H:224_W:224_;PARALLEL;5;10000;5.96017;0.000595919;0.000127229;

BatchNorm;N:32_C:64_H:112_W:112_;PARALLEL;5;1000;3.374;0.00337386;0.000915001;

BatchNorm;N:32_C:256_H:112_W:112_;PARALLEL;5;200;4.52629;0.0226314;5.0364e-05;

BatchNorm;N:32_C:256_H:56_W:56_;PARALLEL;5;1000;3.40193;0.00340181;0.00032807;

BatchNorm;N:32_C:2048_H:7_W:7_;PARALLEL;5;6000;2.12053;0.000353301;1.97487e-05;


