Name;Descriptor;Mode;Warmup;Iterations;Duration;Mean;StdDev;
BatchNorm;N:32_C:1_H:224_W:224_;PARALLEL;5;10000;2.69725;0.000269606;2.19575e-05;

BatchNorm;N:32_C:64_H:112_W:112_;PARALLEL;5;1000;4.0138;0.00401369;2.52659e-05;

BatchNorm;N:32_C:256_H:112_W:112_;PARALLEL;5;200;4.79957;0.0239977;5.63977e-05;

BatchNorm;N:32_C:256_H:56_W:56_;PARALLEL;5;1000;4.58824;0.00458813;2.71859e-05;

BatchNorm;N:32_C:2048_H:7_W:7_;PARALLEL;5;6000;2.84234;0.000473617;6.49837e-06;


