Name;Descriptor;Mode;Warmup;Iterations;Duration;Mean;StdDev;
BatchNorm;N:32_C:1_H:224_W:224_;PARALLEL;5;10000;2.72982;0.000272882;9.28206e-06;

BatchNorm;N:32_C:64_H:112_W:112_;PARALLEL;5;1000;5.05869;0.00505855;5.99206e-05;

BatchNorm;N:32_C:256_H:112_W:112_;PARALLEL;5;200;5.2567;0.0262834;6.48286e-05;

BatchNorm;N:32_C:256_H:56_W:56_;PARALLEL;5;1000;5.85528;0.00585509;2.78791e-05;

BatchNorm;N:32_C:2048_H:7_W:7_;PARALLEL;5;6000;4.14729;0.000691113;7.08213e-06;


