Name;Descriptor;Mode;Warmup;Iterations;Duration;Mean;StdDev;
BatchNorm;N:32_C:1_H:224_W:224_;PARALLEL;5;10000;2.7342;0.00027331;7.93359e-06;

BatchNorm;N:32_C:64_H:112_W:112_;PARALLEL;5;1000;4.88944;0.00488933;7.66628e-05;

BatchNorm;N:32_C:256_H:112_W:112_;PARALLEL;5;200;5.131;0.0256549;0.000279424;

BatchNorm;N:32_C:256_H:56_W:56_;PARALLEL;5;1000;5.57123;0.00557113;7.82001e-05;

BatchNorm;N:32_C:2048_H:7_W:7_;PARALLEL;5;6000;4.08005;0.000679932;7.2662e-05;


