Name;Descriptor;Mode;Warmup;Iterations;Duration;Mean;StdDev;
BatchNorm;N:32_C:1_H:224_W:224_;PARALLEL;5;10000;1.95465;0.000195333;3.51093e-05;

BatchNorm;N:32_C:64_H:112_W:112_;PARALLEL;5;1000;3.3473;0.00334717;5.52833e-05;

BatchNorm;N:32_C:256_H:112_W:112_;PARALLEL;5;200;4.73129;0.0236562;0.000279456;

BatchNorm;N:32_C:256_H:56_W:56_;PARALLEL;5;1000;3.55985;0.00355971;7.22702e-05;

BatchNorm;N:32_C:2048_H:7_W:7_;PARALLEL;5;6000;2.69776;0.00044949;1.97196e-05;


