Name;Descriptor;Mode;Warmup;Iterations;Duration;Mean;StdDev;
BatchNorm;N:32_C:1_H:224_W:224_;PARALLEL;5;10000;5.49549;0.000549462;0.000111137;

BatchNorm;N:32_C:64_H:112_W:112_;PARALLEL;5;1000;3.09867;0.00309855;0.000395254;

BatchNorm;N:32_C:256_H:112_W:112_;PARALLEL;5;200;4.52491;0.0226244;4.72695e-05;

BatchNorm;N:32_C:256_H:56_W:56_;PARALLEL;5;1000;3.40806;0.00340792;0.000323611;

BatchNorm;N:32_C:2048_H:7_W:7_;PARALLEL;5;6000;2.13106;0.000355042;2.10246e-05;


