Name;Descriptor;Mode;Warmup;Iterations;Duration;Mean;StdDev;
BatchNorm;N:32_C:1_H:224_W:224_;PARALLEL;5;10000;2.13176;0.000213079;8.80289e-05;

BatchNorm;N:32_C:64_H:112_W:112_;PARALLEL;5;1000;2.87215;0.00287201;5.47769e-05;

BatchNorm;N:32_C:256_H:112_W:112_;PARALLEL;5;200;4.09981;0.020499;6.93398e-05;

BatchNorm;N:32_C:256_H:56_W:56_;PARALLEL;5;1000;3.2175;0.00321731;3.56646e-05;

BatchNorm;N:32_C:2048_H:7_W:7_;PARALLEL;5;6000;2.09485;0.00034906;1.95902e-05;


