Name;Descriptor;Mode;Warmup;Iterations;Duration;Mean;StdDev;
BatchNorm;N:32_C:1_H:224_W:224_;PARALLEL;5;10000;1.91408;0.000191284;5.29088e-05;

BatchNorm;N:32_C:64_H:112_W:112_;PARALLEL;5;1000;3.78515;0.00378504;5.613e-05;

BatchNorm;N:32_C:256_H:112_W:112_;PARALLEL;5;200;5.04668;0.0252332;0.000182115;

BatchNorm;N:32_C:256_H:56_W:56_;PARALLEL;5;1000;4.61118;0.00461103;6.80467e-05;

BatchNorm;N:32_C:2048_H:7_W:7_;PARALLEL;5;6000;2.61045;0.000434925;1.51181e-05;


