Name;Descriptor;Mode;Warmup;Iterations;Duration;Mean;StdDev;
BatchNorm;N:32_C:1_H:224_W:224_;PARALLEL;5;10000;2.09389;0.000209298;9.09985e-05;

BatchNorm;N:32_C:64_H:112_W:112_;PARALLEL;5;1000;2.809;0.00280883;4.31224e-05;

BatchNorm;N:32_C:256_H:112_W:112_;PARALLEL;5;200;3.86496;0.0193247;0.000719137;

BatchNorm;N:32_C:256_H:56_W:56_;PARALLEL;5;1000;3.28485;0.0032847;5.40565e-05;

BatchNorm;N:32_C:2048_H:7_W:7_;PARALLEL;5;6000;2.47886;0.000413039;1.63812e-05;


