Name;Descriptor;Mode;Warmup;Iterations;Duration;Mean;StdDev;
BatchNorm;N:32_C:1_H:224_W:224_;PARALLEL;5;10000;5.89129;0.000589012;0.000195987;

BatchNorm;N:32_C:64_H:112_W:112_;PARALLEL;5;1000;3.08644;0.00308633;0.000247103;

BatchNorm;N:32_C:256_H:112_W:112_;PARALLEL;5;200;4.6324;0.0231619;0.000945071;

BatchNorm;N:32_C:256_H:56_W:56_;PARALLEL;5;1000;3.39674;0.00339661;3.25144e-05;

BatchNorm;N:32_C:2048_H:7_W:7_;PARALLEL;5;6000;2.17336;0.000362065;2.43384e-05;


