Name;Descriptor;Mode;Warmup;Iterations;Duration;Mean;StdDev;
BatchNorm;N:32_C:1_H:224_W:224_;PARALLEL;5;10000;5.94818;0.000594717;0.000117343;

BatchNorm;N:32_C:64_H:112_W:112_;PARALLEL;5;1000;3.33238;0.00333226;0.000541913;

BatchNorm;N:32_C:256_H:112_W:112_;PARALLEL;5;200;4.34312;0.0217155;0.000161022;

BatchNorm;N:32_C:256_H:56_W:56_;PARALLEL;5;1000;3.25905;0.00325889;3.87947e-05;

BatchNorm;N:32_C:2048_H:7_W:7_;PARALLEL;5;6000;2.09668;0.000349366;0.000127103;


