Name;Descriptor;Mode;Warmup;Iterations;Duration;Mean;StdDev;
BatchNorm;N:32_C:1_H:224_W:224_;PARALLEL;5;10000;2.7729;0.000277162;1.02958e-05;

BatchNorm;N:32_C:64_H:112_W:112_;PARALLEL;5;1000;4.73607;0.00473591;2.74667e-05;

BatchNorm;N:32_C:256_H:112_W:112_;PARALLEL;5;200;5.06074;0.0253036;5.37368e-05;

BatchNorm;N:32_C:256_H:56_W:56_;PARALLEL;5;1000;5.43812;0.00543798;3.52041e-05;

BatchNorm;N:32_C:2048_H:7_W:7_;PARALLEL;5;6000;3.64791;0.000607888;3.78661e-06;


