Name;Descriptor;Mode;Warmup;Iterations;Duration;Mean;StdDev;
BatchNorm;N:32_C:1_H:224_W:224_;PARALLEL;5;10000;2.16425;0.000216318;0.00010347;

BatchNorm;N:32_C:64_H:112_W:112_;PARALLEL;5;1000;3.46698;0.00346686;4.66483e-05;

BatchNorm;N:32_C:256_H:112_W:112_;PARALLEL;5;200;4.27275;0.0213636;0.000350007;

BatchNorm;N:32_C:256_H:56_W:56_;PARALLEL;5;1000;3.44083;0.0034407;5.294e-05;

BatchNorm;N:32_C:2048_H:7_W:7_;PARALLEL;5;6000;2.1525;0.000358626;2.17986e-05;


