Name;Descriptor;Mode;Warmup;Iterations;Duration;Mean;StdDev;
BatchNorm;N:32_C:1_H:224_W:224_;PARALLEL;5;10000;1.58613;0.000158487;4.49303e-06;

BatchNorm;N:32_C:64_H:112_W:112_;PARALLEL;5;1000;3.58133;0.0035812;6.718e-05;

BatchNorm;N:32_C:256_H:112_W:112_;PARALLEL;5;200;4.58513;0.0229254;7.11719e-05;

BatchNorm;N:32_C:256_H:56_W:56_;PARALLEL;5;1000;4.04701;0.0040469;2.13223e-05;

BatchNorm;N:32_C:2048_H:7_W:7_;PARALLEL;5;6000;2.46295;0.000410361;1.01305e-05;


