Name;Descriptor;Mode;Warmup;Iterations;Duration;Mean;StdDev;
BatchNorm;N:32_C:1_H:224_W:224_;PARALLEL;5;10000;2.00647;0.000200544;5.56191e-05;

BatchNorm;N:32_C:64_H:112_W:112_;PARALLEL;5;1000;3.09292;0.00309279;4.75355e-05;

BatchNorm;N:32_C:256_H:112_W:112_;PARALLEL;5;200;4.63355;0.0231676;9.64296e-05;

BatchNorm;N:32_C:256_H:56_W:56_;PARALLEL;5;1000;3.57078;0.00357064;5.06366e-05;

BatchNorm;N:32_C:2048_H:7_W:7_;PARALLEL;5;6000;2.28209;0.000380234;2.06014e-05;


