Name;Descriptor;Mode;Warmup;Iterations;Duration;Mean;StdDev;
BatchNorm;N:32_C:1_H:224_W:224_;PARALLEL;5;10000;3.90902;0.000390821;1.20554e-05;

BatchNorm;N:32_C:64_H:112_W:112_;PARALLEL;5;1000;6.69806;0.00669792;0.000105736;

BatchNorm;N:32_C:256_H:112_W:112_;PARALLEL;5;200;5.89369;0.0294683;0.000348476;

BatchNorm;N:32_C:256_H:56_W:56_;PARALLEL;5;1000;6.98175;0.00698164;0.000256796;

BatchNorm;N:32_C:2048_H:7_W:7_;PARALLEL;5;6000;6.26818;0.00104463;7.55184e-05;


