Name;Descriptor;Mode;Warmup;Iterations;Duration;Mean;StdDev;
BatchNorm;N:32_C:1_H:224_W:224_;PARALLEL;5;10000;1.62384;0.000162259;7.10002e-06;

BatchNorm;N:32_C:64_H:112_W:112_;PARALLEL;5;1000;3.51245;0.00351233;3.4135e-05;

BatchNorm;N:32_C:256_H:112_W:112_;PARALLEL;5;200;4.54615;0.0227307;5.04098e-05;

BatchNorm;N:32_C:256_H:56_W:56_;PARALLEL;5;1000;3.80394;0.00380382;2.28342e-05;

BatchNorm;N:32_C:2048_H:7_W:7_;PARALLEL;5;6000;2.38143;0.000396793;1.27291e-05;


