Name;Descriptor;Mode;Warmup;Iterations;Duration;Mean;StdDev;
BatchNorm;N:32_C:1_H:224_W:224_;PARALLEL;5;10000;1.64114;0.000164026;4.05655e-05;

BatchNorm;N:32_C:64_H:112_W:112_;PARALLEL;5;1000;3.67267;0.00367254;8.55639e-05;

BatchNorm;N:32_C:256_H:112_W:112_;PARALLEL;5;200;4.39304;0.0219651;3.98202e-05;

BatchNorm;N:32_C:256_H:56_W:56_;PARALLEL;5;1000;4.23963;0.0042395;2.17499e-05;

BatchNorm;N:32_C:2048_H:7_W:7_;PARALLEL;5;6000;2.70885;0.000451397;7.60742e-06;


