Name;Descriptor;Mode;Warmup;Iterations;Duration;Mean;StdDev;
BatchNorm;N:32_C:1_H:224_W:224_;PARALLEL;5;10000;2.73737;0.000273678;1.03905e-05;

BatchNorm;N:32_C:64_H:112_W:112_;PARALLEL;5;1000;5.21661;0.0052165;0.000184372;

BatchNorm;N:32_C:256_H:112_W:112_;PARALLEL;5;200;5.13391;0.0256695;0.000342558;

BatchNorm;N:32_C:256_H:56_W:56_;PARALLEL;5;1000;6.02658;0.00602646;0.000179831;

BatchNorm;N:32_C:2048_H:7_W:7_;PARALLEL;5;6000;4.53969;0.00075652;8.90318e-05;


