Name;Descriptor;Mode;Warmup;Iterations;Duration;Mean;StdDev;
BatchNorm;N:32_C:1_H:224_W:224_;PARALLEL;5;10000;2.27041;0.000226926;0.000127391;

BatchNorm;N:32_C:64_H:112_W:112_;PARALLEL;5;1000;2.98427;0.0029841;4.54914e-05;

BatchNorm;N:32_C:256_H:112_W:112_;PARALLEL;5;200;4.64493;0.0232245;7.49572e-05;

BatchNorm;N:32_C:256_H:56_W:56_;PARALLEL;5;1000;3.47149;0.00347133;3.35609e-05;

BatchNorm;N:32_C:2048_H:7_W:7_;PARALLEL;5;6000;2.16552;0.000360773;2.36144e-05;


