Name;Descriptor;Mode;Warmup;Iterations;Duration;Mean;StdDev;
BatchNorm;N:32_C:1_H:224_W:224_;PARALLEL;5;10000;1.96485;0.000196407;4.24379e-05;

BatchNorm;N:32_C:64_H:112_W:112_;PARALLEL;5;1000;3.40111;0.00340097;5.15099e-05;

BatchNorm;N:32_C:256_H:112_W:112_;PARALLEL;5;200;4.60064;0.0230031;0.000231218;

BatchNorm;N:32_C:256_H:56_W:56_;PARALLEL;5;1000;3.64252;0.0036424;6.96356e-05;

BatchNorm;N:32_C:2048_H:7_W:7_;PARALLEL;5;6000;2.62972;0.000438155;1.80563e-05;


