Name;Descriptor;Mode;Warmup;Iterations;Duration;Mean;StdDev;
BatchNorm;N:32_C:1_H:224_W:224_;PARALLEL;5;10000;1.87006;0.0001869;4.72359e-05;

BatchNorm;N:32_C:64_H:112_W:112_;PARALLEL;5;1000;3.14643;0.0031463;4.07995e-05;

BatchNorm;N:32_C:256_H:112_W:112_;PARALLEL;5;200;4.55778;0.0227887;5.54312e-05;

BatchNorm;N:32_C:256_H:56_W:56_;PARALLEL;5;1000;3.52966;0.00352954;1.40421e-05;

BatchNorm;N:32_C:2048_H:7_W:7_;PARALLEL;5;6000;2.15209;0.000358596;1.25502e-05;


