Name;Descriptor;Mode;Warmup;Iterations;Duration;Mean;StdDev;
BatchNorm;N:32_C:1_H:224_W:224_;PARALLEL;5;10000;1.85621;0.000185552;3.70319e-05;

BatchNorm;N:32_C:64_H:112_W:112_;PARALLEL;5;1000;3.38485;0.00338473;4.59409e-05;

BatchNorm;N:32_C:256_H:112_W:112_;PARALLEL;5;200;4.81834;0.0240916;0.000262921;

BatchNorm;N:32_C:256_H:56_W:56_;PARALLEL;5;1000;3.76965;0.00376953;3.40072e-05;

BatchNorm;N:32_C:2048_H:7_W:7_;PARALLEL;5;6000;2.83112;0.000471786;2.01424e-05;


