Name;Descriptor;Mode;Warmup;Iterations;Duration;Mean;StdDev;
BatchNorm;N:32_C:1_H:224_W:224_;PARALLEL;5;10000;1.87832;0.000187707;1.81566e-05;

BatchNorm;N:32_C:64_H:112_W:112_;PARALLEL;5;1000;3.79569;0.00379553;5.39505e-05;

BatchNorm;N:32_C:256_H:112_W:112_;PARALLEL;5;200;4.75417;0.0237706;0.000264555;

BatchNorm;N:32_C:256_H:56_W:56_;PARALLEL;5;1000;3.57412;0.00357395;2.03956e-05;

BatchNorm;N:32_C:2048_H:7_W:7_;PARALLEL;5;6000;2.15747;0.00035944;9.89043e-06;


