Name;Descriptor;Mode;Warmup;Iterations;Duration;Mean;StdDev;
BatchNorm;N:32_C:1_H:224_W:224_;PARALLEL;5;10000;12.454;0.00124531;1.78934e-05;

BatchNorm;N:32_C:64_H:112_W:112_;PARALLEL;5;1000;26.0413;0.0260411;7.96206e-05;

BatchNorm;N:32_C:256_H:112_W:112_;PARALLEL;5;200;21.0892;0.105446;0.000163129;

BatchNorm;N:32_C:256_H:56_W:56_;PARALLEL;5;1000;26.8852;0.026885;8.20681e-05;

BatchNorm;N:32_C:2048_H:7_W:7_;PARALLEL;5;6000;23.633;0.00393866;5.64653e-05;


