Name;Descriptor;Mode;Warmup;Iterations;Duration;Mean;StdDev;
BatchNorm;N:32_C:1_H:224_W:224_;PARALLEL;5;10000;10.6545;0.00106536;1.74087e-05;

BatchNorm;N:32_C:64_H:112_W:112_;PARALLEL;5;1000;22.1453;0.0221451;5.82584e-05;

BatchNorm;N:32_C:256_H:112_W:112_;PARALLEL;5;200;17.9487;0.0897433;0.000139919;

BatchNorm;N:32_C:256_H:56_W:56_;PARALLEL;5;1000;23.1212;0.023121;6.30576e-05;

BatchNorm;N:32_C:2048_H:7_W:7_;PARALLEL;5;6000;23.318;0.00388613;2.33106e-05;


