Name;Descriptor;Mode;Warmup;Iterations;Duration;Mean;StdDev;
BatchNorm;N:32_C:1_H:224_W:224_;PARALLEL;5;4000;1.87693;0.000469185;1.7653e-05;

BatchNorm;N:32_C:64_H:112_W:112_;PARALLEL;5;1000;11.094;0.0110938;3.29593e-05;

BatchNorm;N:32_C:256_H:112_W:112_;PARALLEL;5;200;8.84199;0.0442098;7.64052e-05;

BatchNorm;N:32_C:256_H:56_W:56_;PARALLEL;5;1000;11.2962;0.011296;3.37745e-05;

BatchNorm;N:32_C:2048_H:7_W:7_;PARALLEL;5;2000;4.02881;0.0020142;1.61474e-05;


