Name;Descriptor;Mode;Warmup;Iterations;Duration;Mean;StdDev;
BatchNorm;N:32_C:1_H:224_W:224_;PARALLEL;5;4000;1.94746;0.000486826;3.3837e-05;

BatchNorm;N:32_C:64_H:112_W:112_;PARALLEL;5;1000;12.369;0.0123688;6.33678e-05;

BatchNorm;N:32_C:256_H:112_W:112_;PARALLEL;5;200;9.96724;0.0498361;0.00019854;

BatchNorm;N:32_C:256_H:56_W:56_;PARALLEL;5;1000;12.4604;0.0124603;0.000170478;

BatchNorm;N:32_C:2048_H:7_W:7_;PARALLEL;5;2000;4.42072;0.00221018;3.74219e-05;


