Name;Descriptor;Mode;Warmup;Iterations;Duration;Mean;StdDev;
BatchNorm;N:32_C:1_H:224_W:224_;PARALLEL;5;4000;2.17048;0.000542527;1.91389e-05;

BatchNorm;N:32_C:64_H:112_W:112_;PARALLEL;5;1000;13.7524;0.0137522;1.54559e-05;

BatchNorm;N:32_C:256_H:112_W:112_;PARALLEL;5;200;11.056;0.0552795;4.88062e-05;

BatchNorm;N:32_C:256_H:56_W:56_;PARALLEL;5;1000;13.646;0.0136459;1.76042e-05;

BatchNorm;N:32_C:2048_H:7_W:7_;PARALLEL;5;2000;6.13221;0.00306587;2.04765e-05;


