Name;Descriptor;Mode;Warmup;Iterations;Duration;Mean;StdDev;
BatchNorm;N:32_C:1_H:224_W:224_;PARALLEL;5;4000;1.88711;0.000471727;2.83904e-05;

BatchNorm;N:32_C:64_H:112_W:112_;PARALLEL;5;1000;13.3942;0.013394;2.89702e-05;

BatchNorm;N:32_C:256_H:112_W:112_;PARALLEL;5;200;9.11398;0.0455697;5.75613e-05;

BatchNorm;N:32_C:256_H:56_W:56_;PARALLEL;5;1000;11.4832;0.011483;3.87927e-05;

BatchNorm;N:32_C:2048_H:7_W:7_;PARALLEL;5;2000;4.61763;0.00230861;1.27183e-05;


