Name;Descriptor;Mode;Warmup;Iterations;Duration;Mean;StdDev;
BatchNorm;N:32_C:1_H:224_W:224_;PARALLEL;5;4000;7.5968;0.00189915;3.79355e-05;

BatchNorm;N:32_C:64_H:112_W:112_;PARALLEL;5;1000;32.7718;0.0327716;0.00017833;

BatchNorm;N:32_C:256_H:112_W:112_;PARALLEL;5;200;26.2745;0.131372;0.00106712;

BatchNorm;N:32_C:256_H:56_W:56_;PARALLEL;5;1000;33.1264;0.0331262;0.000180518;

BatchNorm;N:32_C:2048_H:7_W:7_;PARALLEL;5;2000;16.2673;0.00813346;7.90552e-05;


