Name;Descriptor;Mode;Warmup;Iterations;Duration;Mean;StdDev;
BatchNorm;N:32_C:1_H:224_W:224_;PARALLEL;5;4000;3.82304;0.000955714;2.54497e-05;

BatchNorm;N:32_C:64_H:112_W:112_;PARALLEL;5;1000;18.4594;0.0184592;0.000376275;

BatchNorm;N:32_C:256_H:112_W:112_;PARALLEL;5;200;14.8522;0.0742607;0.00011574;

BatchNorm;N:32_C:256_H:56_W:56_;PARALLEL;5;1000;18.4913;0.0184911;9.66944e-05;

BatchNorm;N:32_C:2048_H:7_W:7_;PARALLEL;5;2000;9.6039;0.00480175;5.49616e-05;


