Name;Descriptor;Mode;Warmup;Iterations;Duration;Mean;StdDev;
BatchNorm;N:32_C:1_H:224_W:224_;PARALLEL;5;4000;3.35007;0.000837478;2.86617e-05;

BatchNorm;N:32_C:64_H:112_W:112_;PARALLEL;5;1000;15.8671;0.015867;0.000160472;

BatchNorm;N:32_C:256_H:112_W:112_;PARALLEL;5;200;12.7707;0.0638534;0.000165087;

BatchNorm;N:32_C:256_H:56_W:56_;PARALLEL;5;1000;15.8218;0.0158216;7.60276e-05;

BatchNorm;N:32_C:2048_H:7_W:7_;PARALLEL;5;2000;7.00216;0.0035009;0.00033386;


