Name;Descriptor;Mode;Warmup;Iterations;Duration;Mean;StdDev;
BatchNorm;N:32_C:1_H:224_W:224_;PARALLEL;5;4000;1.89022;0.000472502;2.46933e-05;

BatchNorm;N:32_C:64_H:112_W:112_;PARALLEL;5;1000;11.2248;0.0112246;3.89021e-05;

BatchNorm;N:32_C:256_H:112_W:112_;PARALLEL;5;200;8.94893;0.0447445;7.91657e-05;

BatchNorm;N:32_C:256_H:56_W:56_;PARALLEL;5;1000;11.3695;0.0113693;3.27565e-05;

BatchNorm;N:32_C:2048_H:7_W:7_;PARALLEL;5;2000;4.41138;0.0022055;2.09169e-05;


