Name;Descriptor;Mode;Warmup;Iterations;Duration;Mean;StdDev;
BatchNorm;N:32_C:1_H:224_W:224_;PARALLEL;5;4000;2.01792;0.000504434;2.0819e-05;

BatchNorm;N:32_C:64_H:112_W:112_;PARALLEL;5;1000;12.0906;0.0120903;1.68736e-05;

BatchNorm;N:32_C:256_H:112_W:112_;PARALLEL;5;200;9.69863;0.048493;5.898e-05;

BatchNorm;N:32_C:256_H:56_W:56_;PARALLEL;5;1000;12.0424;0.0120422;2.58815e-05;

BatchNorm;N:32_C:2048_H:7_W:7_;PARALLEL;5;2000;5.23873;0.00261918;1.34171e-05;


