Name;Descriptor;Mode;Warmup;Iterations;Duration;Mean;StdDev;
BatchNorm;N:32_C:1_H:224_W:224_;PARALLEL;5;4000;5.24247;0.00131056;1.8802e-05;

BatchNorm;N:32_C:64_H:112_W:112_;PARALLEL;5;1000;22.996;0.0229958;0.000117656;

BatchNorm;N:32_C:256_H:112_W:112_;PARALLEL;5;200;18.4719;0.0923595;0.000321585;

BatchNorm;N:32_C:256_H:56_W:56_;PARALLEL;5;1000;23.1177;0.0231175;0.000127464;

BatchNorm;N:32_C:2048_H:7_W:7_;PARALLEL;5;2000;11.2806;0.00564011;0.0004267;


